,Model,Displ,Cyl,Trans,Drive,Fuel,Stnd,Underhood_ID,Veh_Class,Air_Pollution_Score,City_MPG,Hwy_MPG,Cmb_MPG,Greenhouse_Gas_Score
0,ACURA MDX,3.7,6,Auto-S5,4WD,Gasoline,U2,8HNXT03.7PKR,SUV,7.0,15.0,20.0,17.0,4.0
1,ACURA RDX,2.3,4,Auto-S5,4WD,Gasoline,U2,8HNXT02.3DKR,SUV,7.0,17.0,22.0,19.0,5.0
2,ACURA RL,3.5,6,Auto-S5,4WD,Gasoline,U2,8HNXV03.5HKR,midsize car,7.0,16.0,24.0,19.0,5.0
3,ACURA TL,3.2,6,Auto-S5,2WD,Gasoline,U2,8HNXV03.5HKR,midsize car,7.0,18.0,26.0,21.0,6.0
4,ACURA TL,3.5,6,Auto-S5,2WD,Gasoline,U2,8HNXV03.5RKR,midsize car,7.0,17.0,26.0,20.0,6.0
5,ACURA TL,3.5,6,Man-6,2WD,Gasoline,U2,8HNXV03.5RKR,midsize car,7.0,18.0,27.0,21.0,6.0
6,ACURA TSX,2.4,4,Man-6,2WD,Gasoline,L2,8HNXV02.4FKC,small car,6.0,19.0,28.0,22.0,6.0
7,ACURA TSX,2.4,4,Auto-S5,2WD,Gasoline,L2,8HNXV02.4FKC,small car,6.0,20.0,28.0,23.0,7.0
8,ASTON MARTIN DB9,5.9,12,Man-6,2WD,Gasoline,L2,8ASXV05.9803,small car,6.0,10.0,16.0,12.0,0.0
9,ASTON MARTIN DB9,5.9,12,Auto-S6,2WD,Gasoline,L2,8ASXV05.9803,small car,6.0,11.0,18.0,13.0,1.0
10,ASTON MARTIN DB9 Volante,5.9,12,Man-6,2WD,Gasoline,L2,8ASXV05.9803,small car,6.0,10.0,16.0,12.0,0.0
11,ASTON MARTIN DB9 Volante,5.9,12,Auto-S6,2WD,Gasoline,L2,8ASXV05.9803,small car,6.0,11.0,17.0,13.0,1.0
12,ASTON MARTIN V8 Vantage,4.3,8,Man-6,2WD,Gasoline,L2,8ASXV04.3305,small car,6.0,12.0,19.0,15.0,3.0
13,ASTON MARTIN V8 Vantage,4.3,8,Auto-S6,2WD,Gasoline,L2,8ASXV04.3305,small car,6.0,13.0,20.0,15.0,3.0
14,AUDI A3,2.0,4,Man-6,2WD,Gasoline,U2,8ADXV02.0366,station wagon,7.0,21.0,29.0,24.0,7.0
15,AUDI A3,2.0,4,Auto-S6,2WD,Gasoline,U2,8ADXV02.0366,station wagon,7.0,22.0,29.0,25.0,7.0
16,AUDI A3,3.2,6,Auto-S6,4WD,Gasoline,L2,8VWXV03.2535,station wagon,6.0,18.0,25.0,21.0,6.0
17,AUDI A4,2.0,4,Auto-AV,2WD,Gasoline,U2,8ADXV02.0352,small car,7.0,21.0,30.0,24.0,7.0
18,AUDI A4,3.1,6,Man-6,4WD,Gasoline,L2,8ADXV03.1374,small car,6.0,15.0,25.0,19.0,5.0
19,AUDI A4,3.1,6,Auto-S6,4WD,Gasoline,L2,8ADXV03.1374,small car,6.0,17.0,25.0,20.0,6.0
20,AUDI A4,3.1,6,Auto-AV,2WD,Gasoline,L2,8ADXV03.1374,small car,6.0,18.0,27.0,21.0,6.0
21,AUDI A4 Avant,3.1,6,Man-6,4WD,Gasoline,L2,8ADXV03.1374,station wagon,6.0,15.0,25.0,19.0,5.0
22,AUDI A4 Avant,3.1,6,Auto-S6,4WD,Gasoline,L2,8ADXV03.1374,station wagon,6.0,17.0,25.0,20.0,6.0
23,AUDI A4 Cabriolet,3.1,6,Auto-S6,4WD,Gasoline,L2,8ADXV03.1374,small car,6.0,17.0,25.0,20.0,6.0
24,AUDI A6,3.1,6,Auto-S6,4WD,Gasoline,L2,8ADXV03.1374,midsize car,6.0,17.0,25.0,20.0,6.0
25,AUDI A6,3.1,6,Auto-AV,2WD,Gasoline,L2,8ADXV03.1374,midsize car,6.0,18.0,27.0,21.0,6.0
26,AUDI A6,4.2,8,Auto-S6,4WD,Gasoline,L2,8ADXV04.2365,midsize car,6.0,16.0,23.0,18.0,5.0
27,AUDI A6 Avant,3.1,6,Auto-S6,4WD,Gasoline,L2,8ADXV03.1374,station wagon,6.0,17.0,25.0,20.0,6.0
28,AUDI A8,4.2,8,Auto-S6,4WD,Gasoline,L2,8ADXV04.2365,midsize car,6.0,16.0,23.0,18.0,5.0
29,AUDI A8 L,4.2,8,Auto-S6,4WD,Gasoline,L2,8ADXV04.2365,large car,6.0,16.0,23.0,18.0,5.0
30,AUDI A8 L,6.0,12,Auto-S6,4WD,Gasoline,L2,8ADXV06.0359,large car,6.0,13.0,19.0,15.0,3.0
31,AUDI Q7,3.6,6,Auto-S6,4WD,Gasoline,L2,8VWXT03.6276,SUV,6.0,14.0,20.0,16.0,4.0
32,AUDI Q7,4.2,8,Auto-S6,4WD,Gasoline,L2,8ADXT04.2358,SUV,6.0,12.0,17.0,14.0,2.0
33,AUDI R8,4.2,8,Auto-S6,4WD,Gasoline,L2,8ADXV04.2375,small car,6.0,13.0,19.0,15.0,3.0
34,AUDI R8,4.2,8,Man-6,4WD,Gasoline,L2,8ADXV04.2375,small car,6.0,13.0,20.0,15.0,3.0
35,AUDI RS4,4.2,8,Man-6,4WD,Gasoline,L2,8ADXV04.2375,small car,6.0,13.0,20.0,15.0,3.0
36,AUDI RS4 Cabriolet,4.2,8,Man-6,4WD,Gasoline,L2,8ADXV04.2375,small car,6.0,12.0,19.0,14.0,2.0
37,AUDI S4,4.2,8,Man-6,4WD,Gasoline,L2,8ADXV04.2355,small car,6.0,13.0,20.0,15.0,3.0
38,AUDI S4,4.2,8,Auto-S6,4WD,Gasoline,L2,8ADXV04.2355,small car,6.0,14.0,21.0,16.0,4.0
39,AUDI S4 Avant,4.2,8,Man-6,4WD,Gasoline,L2,8ADXV04.2355,station wagon,6.0,13.0,20.0,15.0,3.0
40,AUDI S4 Avant,4.2,8,Auto-S6,4WD,Gasoline,L2,8ADXV04.2355,station wagon,6.0,14.0,21.0,16.0,4.0
41,AUDI S4 Cabriolet,4.2,8,Man-6,4WD,Gasoline,L2,8ADXV04.2355,small car,6.0,13.0,19.0,15.0,3.0
42,AUDI S4 Cabriolet,4.2,8,Auto-S6,4WD,Gasoline,L2,8ADXV04.2355,small car,6.0,14.0,21.0,16.0,4.0
43,AUDI S5,4.2,8,Man-6,4WD,Gasoline,L2,8ADXV04.2365,small car,6.0,14.0,21.0,16.0,4.0
44,AUDI S6,5.2,10,Auto-S6,4WD,Gasoline,L2,8ADXV05.2385,midsize car,6.0,14.0,19.0,16.0,4.0
45,AUDI S8,5.2,10,Auto-S6,4WD,Gasoline,L2,8ADXV05.2385,midsize car,6.0,13.0,19.0,15.0,3.0
46,AUDI TT Coupe,2.0,4,Auto-S6,2WD,Gasoline,U2,8ADXV02.0366,small car,7.0,23.0,31.0,26.0,8.0
47,AUDI TT Coupe,3.2,6,Man-6,4WD,Gasoline,L2,8VWXV03.2535,small car,6.0,17.0,24.0,19.0,5.0
48,AUDI TT Coupe,3.2,6,Auto-S6,4WD,Gasoline,L2,8VWXV03.2535,small car,6.0,18.0,24.0,20.0,6.0
49,AUDI TT Roadster,2.0,4,Auto-S6,2WD,Gasoline,U2,8ADXV02.0366,small car,7.0,22.0,29.0,25.0,7.0
50,AUDI TT Roadster,3.2,6,Man-6,4WD,Gasoline,L2,8VWXV03.2535,small car,6.0,17.0,24.0,19.0,5.0
51,AUDI TT Roadster,3.2,6,Auto-S6,4WD,Gasoline,L2,8VWXV03.2535,small car,6.0,18.0,24.0,20.0,6.0
52,BENTLEY Arnage,6.7,8,Auto-S6,2WD,Gasoline,L2,8BEXV06.7TTC,large car,6.0,9.0,15.0,11.0,0.0
53,BENTLEY Arnage,6.7,8,Auto-S6,2WD,Gasoline,L2,8BEXV06.7TTC,midsize car,6.0,10.0,15.0,11.0,0.0
54,BENTLEY Azure,6.7,8,Auto-S6,2WD,Gasoline,L2,8BEXV06.7TTC,small car,6.0,9.0,15.0,11.0,0.0
55,BENTLEY Continental Flying Spur,6.0,12,Auto-S6,4WD,Gasoline,L2,8BEXV06.0501,midsize car,6.0,10.0,17.0,12.0,0.0
56,BENTLEY Continental GT,6.0,12,Auto-S6,4WD,Gasoline,L2,8BEXV06.0501,small car,6.0,10.0,17.0,13.0,1.0
57,BENTLEY Continental GTC,6.0,12,Auto-S6,4WD,Gasoline,L2,8BEXV06.0501,small car,6.0,10.0,17.0,12.0,0.0
58,BMW 328ci,3.0,6,Man-6,2WD,Gasoline,S2,8BMXV03.0N51,small car,9.5,20.0,30.0,24.0,7.0
59,BMW 328ci,3.0,6,Auto-S6,2WD,Gasoline,S2,8BMXV03.0N51,small car,9.5,23.0,31.0,25.0,7.0
60,BMW 328ci,3.0,6,Man-6,2WD,Gasoline,U2,8BMXB03.0N52,small car,7.0,20.0,30.0,24.0,7.0
61,BMW 328ci,3.0,6,Auto-S6,2WD,Gasoline,U2,8BMXB03.0N52,small car,7.0,23.0,31.0,25.0,7.0
62,BMW 328ci Convertible,3.0,6,Man-6,2WD,Gasoline,S2,8BMXV03.0N51,small car,9.5,19.0,29.0,22.0,6.0
63,BMW 328ci Convertible,3.0,6,Auto-S6,2WD,Gasoline,S2,8BMXV03.0N51,small car,9.5,20.0,30.0,24.0,7.0
64,BMW 328ci Convertible,3.0,6,Man-6,2WD,Gasoline,U2,8BMXB03.0N52,small car,7.0,19.0,29.0,22.0,6.0
65,BMW 328ci Convertible,3.0,6,Auto-S6,2WD,Gasoline,U2,8BMXB03.0N52,small car,7.0,20.0,30.0,24.0,7.0
66,BMW 328cxi,3.0,6,Auto-S6,4WD,Gasoline,S2,8BMXV03.0N51,small car,9.5,20.0,27.0,23.0,7.0
67,BMW 328cxi,3.0,6,Man-6,4WD,Gasoline,U2,8BMXB03.0N52,small car,7.0,19.0,28.0,22.0,6.0
68,BMW 328cxi,3.0,6,Auto-S6,4WD,Gasoline,U2,8BMXB03.0N52,small car,7.0,20.0,27.0,23.0,7.0
69,BMW 328i,3.0,6,Man-6,2WD,Gasoline,S2,8BMXV03.0N51,small car,9.5,20.0,30.0,24.0,7.0
70,BMW 328i,3.0,6,Auto-S6,2WD,Gasoline,S2,8BMXV03.0N51,small car,9.5,23.0,31.0,25.0,7.0
71,BMW 328i,3.0,6,Man-6,2WD,Gasoline,U2,8BMXB03.0N52,small car,7.0,20.0,30.0,24.0,7.0
72,BMW 328i,3.0,6,Auto-S6,2WD,Gasoline,U2,8BMXB03.0N52,small car,7.0,23.0,31.0,25.0,7.0
73,BMW 328i Sport Wagon,3.0,6,Man-6,2WD,Gasoline,U2,8BMXB03.0N52,station wagon,7.0,19.0,29.0,22.0,6.0
74,BMW 328xi,3.0,6,Auto-S6,4WD,Gasoline,S2,8BMXV03.0N51,small car,9.5,20.0,27.0,23.0,7.0
75,BMW 328xi,3.0,6,Man-6,4WD,Gasoline,U2,8BMXB03.0N52,small car,7.0,19.0,28.0,22.0,6.0
76,BMW 328xi,3.0,6,Auto-S6,4WD,Gasoline,U2,8BMXB03.0N52,small car,7.0,20.0,27.0,23.0,7.0
77,BMW 328xi Sport Wagon,3.0,6,Man-6,4WD,Gasoline,U2,8BMXB03.0N52,station wagon,7.0,19.0,28.0,22.0,6.0
78,BMW 328xi Sport Wagon,3.0,6,Auto-S6,4WD,Gasoline,U2,8BMXB03.0N52,station wagon,7.0,20.0,27.0,23.0,7.0
79,BMW 335ci,3.0,6,Man-6,2WD,Gasoline,L2,8BMXV03.0N54,small car,6.0,19.0,28.0,22.0,6.0
80,BMW 335ci,3.0,6,Auto-S6,2WD,Gasoline,L2,8BMXV03.0N54,small car,6.0,20.0,28.0,23.0,7.0
81,BMW 335ci Convertible,3.0,6,Man-6,2WD,Gasoline,L2,8BMXV03.0N54,small car,6.0,19.0,28.0,22.0,6.0
82,BMW 335ci Convertible,3.0,6,Auto-S6,2WD,Gasoline,L2,8BMXV03.0N54,small car,6.0,20.0,28.0,23.0,7.0
83,BMW 335cxi,3.0,6,Man-6,4WD,Gasoline,L2,8BMXV03.0N54,small car,6.0,18.0,27.0,21.0,6.0
84,BMW 335cxi,3.0,6,Auto-S6,4WD,Gasoline,L2,8BMXV03.0N54,small car,6.0,19.0,27.0,22.0,6.0
85,BMW 335i,3.0,6,Man-6,2WD,Gasoline,L2,8BMXV03.0N54,small car,6.0,19.0,28.0,22.0,6.0
86,BMW 335i,3.0,6,Auto-S6,2WD,Gasoline,L2,8BMXV03.0N54,small car,6.0,20.0,28.0,23.0,7.0
87,BMW 335xi,3.0,6,Man-6,4WD,Gasoline,L2,8BMXV03.0N54,small car,6.0,18.0,27.0,21.0,6.0
88,BMW 335xi,3.0,6,Auto-S6,4WD,Gasoline,L2,8BMXV03.0N54,small car,6.0,19.0,27.0,22.0,6.0
89,BMW 528i,3.0,6,Auto-S6,2WD,Gasoline,U2,8BMXB03.0N52,midsize car,7.0,20.0,30.0,24.0,7.0
90,BMW 528i,3.0,6,Man-6,2WD,Gasoline,U2,8BMXB03.0N52,midsize car,7.0,20.0,30.0,24.0,7.0
91,BMW 528xi,3.0,6,Man-6,4WD,Gasoline,U2,8BMXB03.0N52,midsize car,7.0,19.0,28.0,22.0,6.0
92,BMW 528xi,3.0,6,Auto-S6,4WD,Gasoline,U2,8BMXB03.0N52,midsize car,7.0,20.0,27.0,23.0,7.0
93,BMW 535i,3.0,6,Man-6,2WD,Gasoline,L2,8BMXV03.0N54,midsize car,6.0,19.0,28.0,22.0,6.0
94,BMW 535i,3.0,6,Auto-S6,2WD,Gasoline,L2,8BMXV03.0N54,midsize car,6.0,20.0,28.0,23.0,7.0
95,BMW 535xi,3.0,6,Man-6,4WD,Gasoline,L2,8BMXV03.0N54,midsize car,6.0,18.0,27.0,21.0,6.0
96,BMW 535xi,3.0,6,Auto-S6,4WD,Gasoline,L2,8BMXV03.0N54,midsize car,6.0,19.0,27.0,22.0,6.0
97,BMW 535xi Sport Wagon,3.0,6,Man-6,4WD,Gasoline,L2,8BMXV03.0N54,station wagon,6.0,17.0,25.0,20.0,6.0
98,BMW 535xi Sport Wagon,3.0,6,Auto-S6,4WD,Gasoline,L2,8BMXV03.0N54,station wagon,6.0,18.0,26.0,21.0,6.0
99,BMW 550i,4.8,8,Man-6,2WD,Gasoline,U2,8BMXV04.8UL2,midsize car,7.0,17.0,24.0,19.0,5.0
100,BMW 550i,4.8,8,Auto-S6,2WD,Gasoline,U2,8BMXV04.8UL2,midsize car,7.0,17.0,25.0,20.0,6.0
101,BMW 650ci,4.8,8,Man-6,2WD,Gasoline,U2,8BMXV04.8UL2,small car,7.0,17.0,24.0,19.0,5.0
102,BMW 650ci,4.8,8,Auto-S6,2WD,Gasoline,U2,8BMXV04.8UL2,small car,7.0,17.0,25.0,20.0,6.0
103,BMW 650ci Convertible,4.8,8,Man-6,2WD,Gasoline,U2,8BMXV04.8UL2,small car,7.0,16.0,22.0,18.0,5.0
104,BMW 650ci Convertible,4.8,8,Auto-S6,2WD,Gasoline,U2,8BMXV04.8UL2,small car,7.0,17.0,25.0,20.0,6.0
105,BMW 750i,4.8,8,Auto-S6,2WD,Gasoline,U2,8BMXV04.8UL2,large car,7.0,17.0,25.0,20.0,6.0
106,BMW 750li,4.8,8,Auto-S6,2WD,Gasoline,U2,8BMXV04.8UL2,large car,7.0,17.0,25.0,20.0,6.0
107,BMW 760li,6.0,12,Auto-S6,2WD,Gasoline,L2,8BMXV06.0LE2,large car,6.0,14.0,22.0,17.0,4.0
108,BMW Alpina B7,4.4,8,Auto-S6,2WD,Gasoline,L2,8ABBV04.4H10,large car,6.0,15.0,23.0,18.0,5.0
109,BMW M5,5.0,10,Man-6,2WD,Gasoline,L2,8BMXV05.0S85,midsize car,6.0,12.0,18.0,14.0,2.0
110,BMW M5,5.0,10,Auto-S7,2WD,Gasoline,L2,8BMXV05.0S85,midsize car,6.0,12.0,18.0,14.0,2.0
111,BMW M6,5.0,10,Man-6,2WD,Gasoline,L2,8BMXV05.0S85,small car,6.0,12.0,18.0,14.0,2.0
112,BMW M6,5.0,10,Auto-S7,2WD,Gasoline,L2,8BMXV05.0S85,small car,6.0,12.0,18.0,14.0,2.0
113,BMW M6 Convertible,5.0,10,Man-6,2WD,Gasoline,L2,8BMXV05.0S85,small car,6.0,12.0,18.0,14.0,2.0
114,BMW M6 Convertible,5.0,10,Auto-S7,2WD,Gasoline,L2,8BMXV05.0S85,small car,6.0,12.0,19.0,14.0,2.0
115,BMW X3,3.0,6,Man-6,4WD,Gasoline,U2,8BMXB03.0N52,SUV,7.0,18.0,26.0,21.0,6.0
116,BMW X3,3.0,6,Auto-S6,4WD,Gasoline,U2,8BMXB03.0N52,SUV,7.0,19.0,26.0,22.0,6.0
117,BMW X5,3.0,6,Auto-S6,4WD,Gasoline,U2,8BMXT03.0E70,SUV,7.0,17.0,23.0,19.0,5.0
118,BMW X5,4.8,8,Auto-S6,4WD,Gasoline,U2,8BMXT04.8E70,SUV,7.0,15.0,21.0,17.0,4.0
119,BMW Z4,3.0,6,Man-6,2WD,Gasoline,U2,8BMXB03.0N52,small car,7.0,20.0,30.0,24.0,7.0
120,BMW Z4,3.0,6,Auto-S6,2WD,Gasoline,U2,8BMXB03.0N52,small car,7.0,23.0,31.0,25.0,7.0
121,BMW Z4 Coupe,3.0,6,Man-6,2WD,Gasoline,U2,8BMXB03.0N52,small car,7.0,20.0,30.0,24.0,7.0
122,BMW Z4 Coupe,3.0,6,Auto-S6,2WD,Gasoline,U2,8BMXB03.0N52,small car,7.0,23.0,31.0,25.0,7.0
123,BUGATTI Veyron,8.0,16,Auto-S6,4WD,Gasoline,L2,8BGTV08.0V16,small car,6.0,8.0,14.0,10.0,0.0
124,BUICK Allure,3.8,6,Auto-L4,2WD,Gasoline,SLEV,8GMXV03.8044,midsize car,9.5,17.0,28.0,21.0,6.0
125,BUICK Allure,3.6,6,Auto-L4,2WD,Gasoline,L2,8GMXV03.6041,midsize car,6.0,17.0,25.0,20.0,6.0
126,BUICK Allure,5.3,8,Auto-L4,2WD,Gasoline,L2,8GMXV05.3084,midsize car,6.0,16.0,25.0,19.0,5.0
127,BUICK Enclave,3.6,6,Auto-L6,2WD,Gasoline,L2,8GMXT03.6151,SUV,6.0,16.0,24.0,19.0,5.0
128,BUICK Enclave,3.6,6,Auto-L6,4WD,Gasoline,L2,8GMXT03.6151,SUV,6.0,16.0,22.0,18.0,5.0
129,BUICK LaCrosse,3.8,6,Auto-L4,2WD,Gasoline,SLEV,8GMXV03.8044,midsize car,9.5,17.0,28.0,21.0,6.0
130,BUICK LaCrosse,3.6,6,Auto-L4,2WD,Gasoline,L2,8GMXV03.6041,midsize car,6.0,17.0,25.0,20.0,6.0
131,BUICK LaCrosse,5.3,8,Auto-L4,2WD,Gasoline,L2,8GMXV05.3084,midsize car,6.0,16.0,25.0,19.0,5.0
132,BUICK Lucerne,3.8,6,Auto-L4,2WD,Gasoline,SLEV,8GMXV03.8044,large car,9.5,16.0,25.0,19.0,5.0
133,BUICK Terraza,3.9,6,Auto-L4,2WD,Gasoline,L2,8GMXB03.9142,minivan,6.0,16.0,23.0,19.0,5.0
134,CADILLAC CTS,3.6,6,Man-6,2WD,Gasoline,L2,8GMXV03.6053,midsize car,6.0,16.0,25.0,19.0,5.0
135,CADILLAC CTS,3.6,6,Man-6,2WD,Gasoline,L2,8GMXB03.6148,midsize car,6.0,16.0,25.0,19.0,5.0
136,CADILLAC CTS,3.6,6,Auto-S6,4WD,Gasoline,L2,8GMXB03.6148,midsize car,6.0,17.0,25.0,20.0,6.0
137,CADILLAC CTS,3.6,6,Auto-S6,4WD,Gasoline,L2,8GMXV03.6053,midsize car,6.0,17.0,26.0,20.0,6.0
138,CADILLAC CTS,3.6,6,Auto-S6,2WD,Gasoline,L2,8GMXV03.6053,midsize car,6.0,17.0,26.0,20.0,6.0
139,CADILLAC CTS,3.6,6,Auto-S6,2WD,Gasoline,L2,8GMXB03.6148,midsize car,6.0,18.0,26.0,21.0,6.0
140,CADILLAC Escalade,6.2,8,Auto-L6,2WD,Gasoline,L2,8GMXT06.2382,SUV,6.0,12.0,19.0,14.0,2.0
141,CADILLAC Escalade,6.2,8,Auto-L6,4WD,Gasoline,L2,8GMXT06.2382,SUV,6.0,12.0,18.0,14.0,2.0
142,CADILLAC SRX,3.6,6,Auto-S5,2WD,Gasoline,L2,8GMXB03.6148,SUV,6.0,15.0,22.0,17.0,4.0
143,CADILLAC SRX,3.6,6,Auto-S5,4WD,Gasoline,L2,8GMXB03.6148,SUV,6.0,14.0,22.0,17.0,4.0
144,CADILLAC SRX,4.6,8,Auto-S6,2WD,Gasoline,L2,8GMXB04.6167,SUV,6.0,13.0,20.0,16.0,4.0
145,CADILLAC SRX,4.6,8,Auto-S6,4WD,Gasoline,L2,8GMXB04.6167,SUV,6.0,13.0,20.0,15.0,3.0
146,CADILLAC STS,3.6,6,Auto-S6,4WD,Gasoline,L2,8GMXV03.6053,midsize car,6.0,17.0,26.0,20.0,6.0
147,CADILLAC STS,3.6,6,Auto-S6,2WD,Gasoline,L2,8GMXV03.6053,midsize car,6.0,17.0,26.0,20.0,6.0
148,CADILLAC STS,4.4,8,Auto-S6,2WD,Gasoline,L2,8GMXB04.6167,midsize car,6.0,13.0,19.0,15.0,3.0
149,CADILLAC STS,4.6,8,Auto-S6,4WD,Gasoline,L2,8GMXB04.6167,midsize car,6.0,14.0,21.0,16.0,4.0
150,CADILLAC STS,4.6,8,Auto-S6,2WD,Gasoline,L2,8GMXB04.6167,midsize car,6.0,15.0,24.0,18.0,5.0
151,CADILLAC XLR,4.4,8,Auto-S6,2WD,Gasoline,L2,8GMXB04.6167,small car,6.0,14.0,21.0,16.0,4.0
152,CADILLAC XLR,4.6,8,Auto-S6,2WD,Gasoline,L2,8GMXB04.6167,small car,6.0,15.0,24.0,18.0,5.0
153,CHEVROLET Classic,3.5,6,Auto-L4,2WD,Gasoline,U2,8GMXV03.5043,midsize car,7.0,18.0,28.0,22.0,6.0
154,CHEVROLET Classic,2.2,4,Auto-L4,2WD,Gasoline,L2,8GMXV02.2028,midsize car,6.0,21.0,31.0,25.0,7.0
155,CHEVROLET Cobalt,2.2,4,Auto-L4,2WD,Gasoline,SLEV,8GMXV02.2030,small car,9.5,22.0,31.0,26.0,8.0
156,CHEVROLET Cobalt,2.2,4,Man-5,2WD,Gasoline,SLEV,8GMXV02.2030,small car,9.5,24.0,33.0,27.0,8.0
157,CHEVROLET Cobalt,2.2,4,Auto-L4,2WD,Gasoline,L2,8GMXV02.4025,small car,6.0,22.0,31.0,26.0,8.0
158,CHEVROLET Cobalt,2.2,4,Man-5,2WD,Gasoline,L2,8GMXV02.4025,small car,6.0,24.0,33.0,27.0,8.0
159,CHEVROLET Cobalt,2.4,4,Auto-L4,2WD,Gasoline,L2,8GMXV02.4025,small car,6.0,22.0,31.0,25.0,7.0
160,CHEVROLET Cobalt,2.4,4,Man-5,2WD,Gasoline,L2,8GMXV02.4025,small car,6.0,22.0,32.0,26.0,8.0
161,CHEVROLET Corvette,7.0,8,Man-6,2WD,Gasoline,L2,8GMXV07.0085,small car,6.0,15.0,24.0,18.0,5.0
162,CHEVROLET Equinox,3.4,6,Auto-L5,2WD,Gasoline,U2,8GMXB03.8146,SUV,7.0,17.0,24.0,19.0,5.0
163,CHEVROLET Equinox,3.4,6,Auto-L5,4WD,Gasoline,U2,8GMXB03.8146,SUV,7.0,17.0,24.0,19.0,5.0
164,CHEVROLET Equinox,3.6,6,Auto-S6,2WD,Gasoline,L2,8GMXB03.6148,SUV,6.0,16.0,24.0,19.0,5.0
165,CHEVROLET Equinox,3.6,6,Auto-S6,4WD,Gasoline,L2,8GMXB03.6148,SUV,6.0,16.0,24.0,19.0,5.0
166,CHEVROLET Express 1500,5.3,8,Auto-L4,4WD,Gasoline,L2,8GMXT05.3384,van,6.0,12.0,16.0,14.0,2.0
167,CHEVROLET Express 1500,5.3,8,Auto-L4,2WD,Gasoline,L2,8GMXT05.3384,van,6.0,12.0,16.0,14.0,2.0
168,CHEVROLET Express 2500,5.3,8,Auto-L4,2WD,Gasoline,L2,8GMXT05.3384,van,6.0,12.0,16.0,14.0,2.0
169,CHEVROLET HHR,2.2,4,Man-5,2WD,Gasoline,U2,8GMXV02.4032,SUV,7.0,20.0,30.0,24.0,7.0
170,CHEVROLET HHR,2.2,4,Man-5,2WD,Gasoline,U2,8GMXV02.4032,SUV,7.0,21.0,30.0,24.0,7.0
171,CHEVROLET HHR,2.2,4,Auto-L4,2WD,Gasoline,U2,8GMXV02.4032,SUV,7.0,22.0,30.0,25.0,7.0
172,CHEVROLET HHR,2.2,4,Auto-L4,2WD,Gasoline,U2,8GMXV02.4032,SUV,7.0,22.0,30.0,25.0,7.0
173,CHEVROLET HHR,2.4,4,Man-5,2WD,Gasoline,U2,8GMXV02.4032,SUV,7.0,20.0,28.0,23.0,7.0
174,CHEVROLET HHR,2.4,4,Man-5,2WD,Gasoline,U2,8GMXV02.4032,SUV,7.0,20.0,29.0,23.0,7.0
175,CHEVROLET HHR,2.4,4,Auto-L4,2WD,Gasoline,U2,8GMXV02.4032,SUV,7.0,22.0,28.0,24.0,7.0
176,CHEVROLET HHR,2.4,4,Auto-L4,2WD,Gasoline,U2,8GMXV02.4032,SUV,7.0,22.0,28.0,24.0,7.0
177,CHEVROLET HHR,2.0,4,Auto-L4,2WD,Gasoline,L2,8GMXV02.0021,SUV,6.0,19.0,28.0,22.0,6.0
178,CHEVROLET Impala,3.5,6,Auto-L4,2WD,Gasoline,SLEV,8GMXV03.8044,large car,9.5,18.0,29.0,22.0,6.0
179,CHEVROLET Impala,5.3,8,Auto-L4,2WD,Gasoline,L2,8GMXV05.3084,large car,6.0,16.0,25.0,19.0,5.0
180,CHEVROLET Malibu,3.5,6,Auto-L4,2WD,Gasoline,U2,8GMXV03.5043,midsize car,7.0,18.0,29.0,22.0,6.0
181,CHEVROLET Malibu,2.4,4,Auto-L4,2WD,Gasoline,L2,8GMXV02.4027,midsize car,6.0,22.0,30.0,25.0,7.0
182,CHEVROLET Malibu,3.6,6,Auto-S6,2WD,Gasoline,L2,8GMXB03.6148,midsize car,6.0,17.0,26.0,20.0,6.0
183,CHEVROLET Malibu Hybrid,2.4,4,Auto-L4,2WD,Gasoline,L2,8GMXV02.4040,midsize car,6.0,24.0,32.0,27.0,8.0
184,CHEVROLET Silverado 15,4.3,6,Auto-L4,2WD,Gasoline,L2,8GMXT04.3186,pickup,6.0,15.0,20.0,17.0,4.0
185,CHEVROLET Silverado 15,4.3,6,Auto-L4,4WD,Gasoline,L2,8GMXT04.3186,pickup,6.0,14.0,18.0,15.0,3.0
186,CHEVROLET Tahoe 1500,6.2,8,Auto-L6,2WD,Gasoline,L2,8GMXT06.2382,SUV,6.0,12.0,19.0,14.0,2.0
187,CHEVROLET Tahoe 1500 Hybrid,6.0,8,Auto-AV,2WD,Gasoline,L2,8GMXT06.0392,SUV,6.0,21.0,22.0,21.0,6.0
188,CHEVROLET Tahoe 1500 Hybrid,6.0,8,Auto-AV,4WD,Gasoline,L2,8GMXT06.0392,SUV,6.0,20.0,20.0,20.0,6.0
189,CHEVROLET Trailblazer,5.3,8,Auto-L4,2WD,Gasoline,L2,8GMXT06.0387,SUV,6.0,14.0,20.0,17.0,4.0
190,CHEVROLET Trailblazer,5.3,8,Auto-L4,4WD,Gasoline,L2,8GMXT06.0387,SUV,6.0,13.0,19.0,16.0,4.0
191,CHEVROLET Trailblazer,6.0,8,Auto-L4,2WD,Gasoline,L2,8GMXT06.0387,SUV,6.0,12.0,16.0,14.0,2.0
192,CHEVROLET Trailblazer,6.0,8,Auto-L4,4WD,Gasoline,L2,8GMXT06.0387,SUV,6.0,12.0,16.0,13.0,1.0
193,CHEVROLET Uplander,3.9,6,Auto-L4,2WD,Gasoline,L2,8GMXB03.9142,minivan,6.0,16.0,23.0,19.0,5.0
194,CHEVROLET Van 1500,4.3,6,Auto-L4,2WD,Gasoline,L2,8GMXT04.3186,van,6.0,15.0,20.0,17.0,4.0
195,CHEVROLET Van 1500,5.3,8,Auto-L4,4WD,Gasoline,L2,8GMXT05.3384,van,6.0,12.0,16.0,14.0,2.0
196,CHEVROLET Van 1500,5.3,8,Auto-L4,2WD,Gasoline,L2,8GMXT05.3384,van,6.0,12.0,16.0,14.0,2.0
197,CHEVROLET Van 1500,5.3,8,Auto-L4,4WD,Gasoline,L2,8GMXT05.3384,van,6.0,13.0,17.0,15.0,3.0
198,CHEVROLET Van 1500,5.3,8,Auto-L4,2WD,Gasoline,L2,8GMXT05.3384,van,6.0,14.0,18.0,15.0,3.0
199,CHEVROLET Van 2500,4.3,6,Auto-L4,2WD,Gasoline,L2,8GMXT04.3186,van,6.0,15.0,20.0,17.0,4.0
200,CHEVROLET Van 2500,5.3,8,Auto-L4,2WD,Gasoline,L2,8GMXT05.3384,van,6.0,12.0,16.0,14.0,2.0
201,CHEVROLET Van 2500,5.3,8,Auto-L4,4WD,Gasoline,L2,8GMXT05.3384,van,6.0,13.0,17.0,15.0,3.0
202,CHEVROLET Van 2500,5.3,8,Auto-L4,2WD,Gasoline,L2,8GMXT05.3384,van,6.0,14.0,18.0,15.0,3.0
203,CHRYSLER 300,3.5,6,Auto-L5,4WD,Gasoline,U2,8CRXV0215M80,large car,7.0,15.0,22.0,18.0,5.0
204,CHRYSLER 300,3.5,6,Auto-L5,2WD,Gasoline,U2,8CRXV0215M80,large car,7.0,17.0,24.0,20.0,6.0
205,CHRYSLER 300,3.5,6,Auto-L4,2WD,Gasoline,U2,8CRXV0215M80,large car,7.0,17.0,24.0,20.0,6.0
206,CHRYSLER 300,2.7,6,Auto-L4,2WD,Gasoline,L2,8CRXV02.7ME0,large car,6.0,18.0,26.0,21.0,6.0
207,CHRYSLER 300,6.1,8,Auto-L5,2WD,Gasoline,L2,8CRXV06.1ME0,large car,6.0,13.0,18.0,15.0,3.0
208,CHRYSLER Aspen,4.7,8,Auto-L5,2WD,Gasoline,U2,8CRXT0287P80,SUV,7.0,14.0,19.0,15.0,3.0
209,CHRYSLER Aspen,5.7,8,Auto-L5,2WD,Gasoline,L2,8CRXT05.7PE0,SUV,6.0,13.0,19.0,15.0,3.0
210,CHRYSLER Aspen,5.7,8,Auto-L5,4WD,Gasoline,L2,8CRXT05.7PE0,SUV,6.0,13.0,18.0,15.0,3.0
211,CHRYSLER Crossfire,3.2,6,Man-6,2WD,Gasoline,L2,8CRXV03.2ME0,small car,6.0,15.0,23.0,18.0,5.0
212,CHRYSLER Crossfire,3.2,6,Auto-L5,2WD,Gasoline,L2,8CRXV03.2ME0,small car,6.0,19.0,25.0,21.0,6.0
213,CHRYSLER PT Cruiser,2.4,4,Auto-L4,2WD,Gasoline,U2,8CRXV0148M80,SUV,7.0,18.0,24.0,21.0,6.0
214,CHRYSLER PT Cruiser,2.4,4,Auto-L4,2WD,Gasoline,U2,8CRXV0148M80,SUV,7.0,19.0,24.0,21.0,6.0
215,CHRYSLER PT Cruiser,2.4,4,Man-5,2WD,Gasoline,U2,8CRXV0148M80,SUV,7.0,20.0,25.0,22.0,6.0
216,CHRYSLER PT Cruiser,2.4,4,Auto-L4,2WD,Gasoline,L2,8CRXV02.4ME1,SUV,6.0,18.0,24.0,21.0,6.0
217,CHRYSLER PT Cruiser,2.4,4,Auto-L4,2WD,Gasoline,L2,8CRXV02.4ME3,SUV,6.0,19.0,24.0,21.0,6.0
218,CHRYSLER PT Cruiser,2.4,4,Man-5,2WD,Gasoline,L2,8CRXV02.4ME1,SUV,6.0,20.0,25.0,22.0,6.0
219,CHRYSLER PT Cruiser,2.4,4,Man-5,2WD,Gasoline,L2,8CRXV02.4ME3,SUV,6.0,21.0,26.0,23.0,7.0
220,CHRYSLER PT Cruiser Convertible,2.4,4,Auto-L4,2WD,Gasoline,U2,8CRXV0148M80,small car,7.0,18.0,24.0,21.0,6.0
221,CHRYSLER PT Cruiser Convertible,2.4,4,Auto-L4,2WD,Gasoline,U2,8CRXV0148M80,small car,7.0,19.0,24.0,21.0,6.0
222,CHRYSLER PT Cruiser Convertible,2.4,4,Man-5,2WD,Gasoline,U2,8CRXV0148M80,small car,7.0,20.0,25.0,22.0,6.0
223,CHRYSLER PT Cruiser Convertible,2.4,4,Auto-L4,2WD,Gasoline,L2,8CRXV02.4ME1,small car,6.0,18.0,24.0,21.0,6.0
224,CHRYSLER PT Cruiser Convertible,2.4,4,Auto-L4,2WD,Gasoline,L2,8CRXV02.4ME3,small car,6.0,19.0,24.0,21.0,6.0
225,CHRYSLER PT Cruiser Convertible,2.4,4,Man-5,2WD,Gasoline,L2,8CRXV02.4ME1,small car,6.0,20.0,25.0,22.0,6.0
226,CHRYSLER PT Cruiser Convertible,2.4,4,Man-5,2WD,Gasoline,L2,8CRXV02.4ME3,small car,6.0,21.0,26.0,23.0,7.0
227,CHRYSLER Pacifica,3.8,6,Auto-L4,2WD,Gasoline,U2,8CRXT0231N80,SUV,7.0,15.0,22.0,18.0,5.0
228,CHRYSLER Pacifica,4.0,6,Auto-L6,2WD,Gasoline,U2,8CRXB0241M80,SUV,7.0,15.0,23.0,17.0,4.0
229,CHRYSLER Pacifica,4.0,6,Auto-L6,4WD,Gasoline,U2,8CRXB0241M80,SUV,7.0,14.0,22.0,17.0,4.0
230,CHRYSLER SRT-8,3.5,6,Auto-L5,2WD,Gasoline,U2,8CRXV0215M80,large car,7.0,17.0,24.0,20.0,6.0
231,CHRYSLER SRT-8,3.5,6,Auto-L4,2WD,Gasoline,U2,8CRXV0215M80,large car,7.0,17.0,24.0,20.0,6.0
232,CHRYSLER SRT-8,2.7,6,Auto-L4,2WD,Gasoline,L2,8CRXV02.7ME0,large car,6.0,18.0,26.0,21.0,6.0
233,CHRYSLER SRT-8,6.1,8,Auto-L5,2WD,Gasoline,L2,8CRXV06.1ME0,large car,6.0,13.0,18.0,15.0,3.0
234,CHRYSLER Sebring,2.4,4,Auto-L4,2WD,Gasoline,U2,8CRXB0144M80,midsize car,7.0,21.0,30.0,24.0,7.0
235,CHRYSLER Sebring,3.5,6,Auto-L6,4WD,Gasoline,U2,8CRXB0241M80,midsize car,7.0,15.0,24.0,18.0,5.0
236,CHRYSLER Sebring,3.5,6,Auto-L6,2WD,Gasoline,U2,8CRXB0241M80,midsize car,7.0,16.0,26.0,19.0,5.0
237,CHRYSLER Sebring,2.4,4,Auto-L4,2WD,Gasoline,L2,8CRXB02.4ME0,midsize car,6.0,21.0,30.0,24.0,7.0
238,CHRYSLER Sebring,2.7,6,Auto-L4,2WD,Gasoline,L2,8CRXV0167M70,midsize car,6.0,19.0,27.0,22.0,6.0
239,CHRYSLER Sebring Convertible,2.4,4,Auto-L4,2WD,Gasoline,U2,8CRXB0144M80,small car,7.0,20.0,29.0,23.0,7.0
240,CHRYSLER Sebring Convertible,3.5,6,Auto-L6,2WD,Gasoline,U2,8CRXB0241M80,small car,7.0,16.0,26.0,19.0,5.0
241,CHRYSLER Sebring Convertible,2.4,4,Auto-L4,2WD,Gasoline,L2,8CRXB02.4ME0,small car,6.0,20.0,29.0,23.0,7.0
242,CHRYSLER Sebring Convertible,2.7,6,Auto-L4,2WD,Gasoline,L2,8CRXV0167M70,small car,6.0,18.0,26.0,21.0,6.0
243,CHRYSLER Town & Country,3.3,6,Auto-L4,2WD,Gasoline,U2,8CRXT0231N80,minivan,7.0,17.0,24.0,19.0,5.0
244,CHRYSLER Town & Country,3.8,6,Auto-L6,2WD,Gasoline,U2,8CRXT0231N80,minivan,7.0,16.0,23.0,18.0,5.0
245,CHRYSLER Town & Country,4.0,6,Auto-L6,2WD,Gasoline,U2,8CRXB0241M80,minivan,7.0,16.0,23.0,18.0,5.0
246,DODGE Avenger,2.4,4,Auto-L4,2WD,Gasoline,U2,8CRXB0144M80,midsize car,7.0,21.0,30.0,24.0,7.0
247,DODGE Avenger,3.5,6,Auto-L6,4WD,Gasoline,U2,8CRXB0241M80,midsize car,7.0,15.0,24.0,18.0,5.0
248,DODGE Avenger,3.5,6,Auto-L6,2WD,Gasoline,U2,8CRXB0241M80,midsize car,7.0,16.0,26.0,19.0,5.0
249,DODGE Avenger,2.4,4,Auto-L4,2WD,Gasoline,L2,8CRXB02.4ME0,midsize car,6.0,21.0,30.0,24.0,7.0
250,DODGE Avenger,2.7,6,Auto-L4,2WD,Gasoline,L2,8CRXV0167M70,midsize car,6.0,19.0,27.0,22.0,6.0
251,DODGE Caliber,2.4,4,Auto-AV,4WD,Gasoline,U2,8CRXB0144M81,midsize car,7.0,21.0,24.0,22.0,6.0
252,DODGE Caliber,2.4,4,Auto-AV,2WD,Gasoline,U2,8CRXB0144M81,midsize car,7.0,21.0,25.0,23.0,7.0
253,DODGE Caliber,2.0,4,Auto-AV,2WD,Gasoline,L2,8CRXB02.4ME0,midsize car,6.0,23.0,27.0,24.0,7.0
254,DODGE Caliber,2.4,4,Auto-AV,2WD,Gasoline,L2,8CRXB02.4ME0,midsize car,6.0,21.0,25.0,23.0,7.0
255,DODGE Caravan,3.3,6,Auto-L4,2WD,Gasoline,U2,8CRXT0231N80,minivan,7.0,17.0,24.0,19.0,5.0
256,DODGE Caravan,3.8,6,Auto-L6,2WD,Gasoline,U2,8CRXT0231N80,minivan,7.0,16.0,23.0,18.0,5.0
257,DODGE Caravan,4.0,6,Auto-L6,2WD,Gasoline,U2,8CRXB0241M80,minivan,7.0,16.0,23.0,18.0,5.0
258,DODGE Challenger,6.1,8,Auto-L5,2WD,Gasoline,L2,8CRXV06.1ME0,midsize car,6.0,13.0,18.0,15.0,3.0
259,DODGE Charger,3.5,6,Auto-L5,4WD,Gasoline,U2,8CRXV0215M80,large car,7.0,15.0,22.0,18.0,5.0
260,DODGE Charger,3.5,6,Auto-L5,2WD,Gasoline,U2,8CRXV0215M80,large car,7.0,17.0,24.0,20.0,6.0
261,DODGE Charger,3.5,6,Auto-L4,2WD,Gasoline,U2,8CRXV0215M80,large car,7.0,17.0,24.0,20.0,6.0
262,DODGE Charger,2.7,6,Auto-L4,2WD,Gasoline,L2,8CRXV02.7ME0,large car,6.0,18.0,26.0,21.0,6.0
263,DODGE Charger,6.1,8,Auto-L5,2WD,Gasoline,L2,8CRXV06.1ME0,large car,6.0,13.0,18.0,15.0,3.0
264,DODGE Dakota,3.7,6,Auto-L4,2WD,Gasoline,U2,8CRXT0226P80,pickup,7.0,15.0,20.0,17.0,4.0
265,DODGE Dakota,3.7,6,Auto-L4,4WD,Gasoline,U2,8CRXT0226P80,pickup,7.0,14.0,18.0,15.0,3.0
266,DODGE Dakota,4.7,8,Auto-L5,2WD,Gasoline,U2,8CRXT0287P80,pickup,7.0,14.0,19.0,15.0,3.0
267,DODGE Dakota,4.7,8,Auto-L5,4WD,Gasoline,U2,8CRXT0287P80,pickup,7.0,14.0,19.0,15.0,3.0
268,DODGE Dakota,3.7,6,Auto-L4,2WD,Gasoline,L2,8CRXT03.7PE0,pickup,6.0,15.0,20.0,17.0,4.0
269,DODGE Dakota,3.7,6,Man-6,2WD,Gasoline,L2,8CRXT03.7PE0,pickup,6.0,16.0,20.0,18.0,5.0
270,DODGE Dakota,3.7,6,Auto-L4,4WD,Gasoline,L2,8CRXT03.7PE0,pickup,6.0,14.0,18.0,15.0,3.0
271,DODGE Dakota,3.7,6,Man-6,4WD,Gasoline,L2,8CRXT03.7PE0,pickup,6.0,15.0,19.0,16.0,4.0
272,DODGE Durango,3.7,6,Auto-L4,2WD,Gasoline,U2,8CRXT0226P80,SUV,7.0,14.0,19.0,16.0,4.0
273,DODGE Durango,4.7,8,Auto-L5,2WD,Gasoline,U2,8CRXT0287P80,SUV,7.0,14.0,19.0,15.0,3.0
274,DODGE Durango,4.7,8,Auto-L5,4WD,Gasoline,U2,8CRXT0287P80,SUV,7.0,13.0,17.0,15.0,3.0
275,DODGE Durango,5.7,8,Auto-L5,2WD,Gasoline,L2,8CRXT05.7PE0,SUV,6.0,13.0,19.0,15.0,3.0
276,DODGE Durango,5.7,8,Auto-L5,4WD,Gasoline,L2,8CRXT05.7PE0,SUV,6.0,13.0,18.0,15.0,3.0
277,DODGE Magnum,3.5,6,Auto-L5,2WD,Gasoline,U2,8CRXV0215M80,SUV,7.0,17.0,24.0,20.0,6.0
278,DODGE Magnum,3.5,6,Auto-L4,2WD,Gasoline,U2,8CRXV0215M80,SUV,7.0,17.0,24.0,20.0,6.0
279,DODGE Magnum,3.5,6,Auto-L5,4WD,Gasoline,U2,8CRXV0215M80,SUV,7.0,15.0,22.0,18.0,5.0
280,DODGE Magnum,2.7,6,Auto-L4,2WD,Gasoline,L2,8CRXV02.7ME0,SUV,6.0,18.0,26.0,21.0,6.0
281,DODGE Magnum,6.1,8,Auto-L5,2WD,Gasoline,L2,8CRXV06.1ME0,SUV,6.0,13.0,18.0,15.0,3.0
282,DODGE Nitro,3.7,6,Auto-L4,2WD,Gasoline,U2,8CRXT0226N80,SUV,7.0,16.0,22.0,18.0,5.0
283,DODGE Nitro,3.7,6,Auto-L4,4WD,Gasoline,U2,8CRXT0226N80,SUV,7.0,15.0,21.0,17.0,4.0
284,DODGE Nitro,3.7,6,Auto-L4,2WD,Gasoline,L2,8CRXT03.7NE0,SUV,6.0,16.0,22.0,18.0,5.0
285,DODGE Nitro,3.7,6,Man-6,2WD,Gasoline,L2,8CRXT03.7NE0,SUV,6.0,16.0,22.0,19.0,5.0
286,DODGE Nitro,3.7,6,Auto-L4,4WD,Gasoline,L2,8CRXT03.7NE0,SUV,6.0,15.0,21.0,17.0,4.0
287,DODGE Nitro,3.7,6,Man-6,4WD,Gasoline,L2,8CRXT03.7NE0,SUV,6.0,16.0,22.0,18.0,5.0
288,DODGE Nitro,4.0,6,Auto-L5,2WD,Gasoline,L2,8CRXT04.0NE0,SUV,6.0,16.0,21.0,18.0,5.0
289,DODGE RAM 1500,3.7,6,Auto-L4,2WD,Gasoline,U2,8CRXT0226P80,pickup,7.0,14.0,19.0,16.0,4.0
290,DODGE RAM 1500,4.7,8,Auto-L5,2WD,Gasoline,U2,8CRXT0287P80,pickup,7.0,13.0,18.0,15.0,3.0
291,DODGE RAM 1500,4.7,8,Auto-L5,4WD,Gasoline,U2,8CRXT0287P80,pickup,7.0,13.0,17.0,15.0,3.0
292,DODGE RAM 1500,3.7,6,Auto-L4,2WD,Gasoline,L2,8CRXT03.7PE0,pickup,6.0,14.0,19.0,16.0,4.0
293,DODGE RAM 1500,3.7,6,Man-6,2WD,Gasoline,L2,8CRXT03.7PE0,pickup,6.0,16.0,19.0,17.0,4.0
294,DODGE RAM 1500,4.7,8,Man-6,2WD,Gasoline,L2,8CRXT04.7PE0,pickup,6.0,13.0,17.0,14.0,2.0
295,DODGE RAM 1500,4.7,8,Man-6,4WD,Gasoline,L2,8CRXT04.7PE0,pickup,6.0,12.0,16.0,14.0,2.0
296,DODGE RAM 1500,5.7,8,Auto-L5,2WD,Gasoline,L2,8CRXT05.7PE0,pickup,6.0,13.0,19.0,15.0,3.0
297,DODGE RAM 1500,5.7,8,Auto-L5,4WD,Gasoline,L2,8CRXT05.7PE0,pickup,6.0,13.0,17.0,14.0,2.0
298,DODGE Viper,8.4,10,Man-6,2WD,Gasoline,L2,8CRXV08.4ME0,small car,6.0,13.0,22.0,16.0,4.0
299,DODGE Viper Convertible,8.4,10,Man-6,2WD,Gasoline,L2,8CRXV08.4ME0,small car,6.0,13.0,22.0,16.0,4.0
300,FERRARI 599 GTB Fiorano,5.9,12,Auto-6,2WD,Gasoline,L2,8FEXV05.7LEV,small car,6.0,11.0,15.0,12.0,0.0
301,FERRARI 599 GTB Fiorano,5.9,12,Man-6,2WD,Gasoline,L2,8FEXV05.7LEV,small car,6.0,11.0,15.0,12.0,0.0
302,FERRARI 612 Scaglietti,5.7,12,Auto-6,2WD,Gasoline,L2,8FEXV05.7LEV,midsize car,6.0,9.0,16.0,11.0,0.0
303,FERRARI 612 Scaglietti,5.7,12,Man-6,2WD,Gasoline,L2,8FEXV05.7LEV,midsize car,6.0,10.0,15.0,12.0,0.0
304,FORD Edge,3.5,6,Auto-L6,2WD,Gasoline,U2,8FMXT03.52EB,SUV,7.0,16.0,24.0,19.0,5.0
305,FORD Edge,3.5,6,Auto-L6,4WD,Gasoline,U2,8FMXT03.52EB,SUV,7.0,15.0,22.0,18.0,5.0
306,FORD Escape,2.3,4,Man-5,2WD,Gasoline,U2,8FMXT02.31EF,SUV,7.0,22.0,28.0,24.0,7.0
307,FORD Escape,2.3,4,Auto-L4,2WD,Gasoline,L2,8FMXT02.31EA,SUV,6.0,20.0,26.0,22.0,6.0
308,FORD Escape,2.3,4,Auto-L4,4WD,Gasoline,L2,8FMXT02.31EA,SUV,6.0,19.0,24.0,21.0,6.0
309,FORD Escape,3.0,6,Auto-L4,2WD,Gasoline,L2,8FMXT03.01EB,SUV,6.0,18.0,24.0,20.0,6.0
310,FORD Escape,3.0,6,Auto-L4,4WD,Gasoline,L2,8FMXT03.02EC,SUV,6.0,17.0,22.0,19.0,5.0
311,FORD Escape Hybrid,2.3,4,Auto-AV,2WD,Gasoline,S2,8FMXT02.32ZE,SUV,9.5,34.0,30.0,32.0,9.0
312,FORD Escape Hybrid,2.3,4,Auto-AV,4WD,Gasoline,S2,8FMXT02.32ZE,SUV,9.5,29.0,27.0,28.0,8.0
313,FORD Expedition,5.4,8,Auto-L6,2WD,Gasoline,U2,8FMXT05.44E6,SUV,7.0,12.0,18.0,14.0,2.0
314,FORD Explorer,4.0,6,Auto-L5,2WD,Gasoline,B4,8FMXT04.03DB,SUV,7.0,14.0,20.0,16.0,4.0
315,FORD Explorer,4.0,6,Auto-L5,4WD,Gasoline,B4,8FMXT04.03DB,SUV,7.0,13.0,19.0,15.0,3.0
316,FORD Explorer,4.6,8,Auto-L6,2WD,Gasoline,U2,8FMXT04.63BX,SUV,7.0,13.0,20.0,16.0,4.0
317,FORD Explorer,4.6,8,Auto-L6,2WD,Gasoline,U2,8FMXT04.63EZ,SUV,7.0,13.0,20.0,16.0,4.0
318,FORD Explorer,4.6,8,Auto-L6,4WD,Gasoline,U2,8FMXT04.63BX,SUV,7.0,13.0,19.0,15.0,3.0
319,FORD Explorer,4.6,8,Auto-L6,4WD,Gasoline,U2,8FMXT04.63EZ,SUV,7.0,13.0,19.0,15.0,3.0
320,FORD Explorer Sport Trac,4.0,6,Auto-L5,2WD,Gasoline,B4,8FMXT04.03DB,pickup,7.0,14.0,20.0,16.0,4.0
321,FORD Explorer Sport Trac,4.0,6,Auto-L5,4WD,Gasoline,B4,8FMXT04.03DB,pickup,7.0,13.0,19.0,15.0,3.0
322,FORD Explorer Sport Trac,4.6,8,Auto-L6,2WD,Gasoline,U2,8FMXT04.63BX,pickup,7.0,13.0,20.0,16.0,4.0
323,FORD Explorer Sport Trac,4.6,8,Auto-L6,2WD,Gasoline,U2,8FMXT04.63EZ,pickup,7.0,13.0,20.0,16.0,4.0
324,FORD Explorer Sport Trac,4.6,8,Auto-L6,4WD,Gasoline,U2,8FMXT04.63BX,pickup,7.0,13.0,19.0,15.0,3.0
325,FORD Explorer Sport Trac,4.6,8,Auto-L6,4WD,Gasoline,U2,8FMXT04.63EZ,pickup,7.0,13.0,19.0,15.0,3.0
326,FORD F150,5.4,8,Auto-L4,2WD,Gasoline,B4,8FMXT05.44D7,pickup,7.0,13.0,17.0,14.0,2.0
327,FORD F150,5.4,8,Auto-L4,4WD,Gasoline,B4,8FMXT05.44D7,pickup,7.0,13.0,17.0,14.0,2.0
328,FORD F150,4.2,6,Auto-L4,2WD,Gasoline,L2,8FMXT04.23A4,pickup,6.0,14.0,19.0,16.0,4.0
329,FORD F150,4.2,6,Man-5,2WD,Gasoline,L2,8FMXT04.23A4,pickup,6.0,14.0,20.0,16.0,4.0
330,FORD F150,4.6,8,Auto-L4,2WD,Gasoline,L2,8FMXT04.63AB,pickup,6.0,14.0,19.0,16.0,4.0
331,FORD F150,4.6,8,Auto-L4,4WD,Gasoline,L2,8FMXT04.63AB,pickup,6.0,13.0,17.0,14.0,2.0
332,FORD F150 STX SE,5.4,8,Auto-L4,2WD,Gasoline,B4,8FMXT05.43DP,pickup,7.0,14.0,19.0,15.0,3.0
333,FORD F150 STX SE,5.4,8,Auto-L4,2WD,Gasoline,B4,8FMXT05.44D7,pickup,7.0,14.0,19.0,15.0,3.0
334,FORD Focus,2.0,4,Auto-L4,2WD,Gasoline,S2,8FMXV02.0VZP,small car,9.5,24.0,33.0,28.0,8.0
335,FORD Focus,2.0,4,Man-5,2WD,Gasoline,S2,8FMXV02.0VZP,small car,9.5,24.0,35.0,28.0,8.0
336,FORD Fusion,2.3,4,Auto-L5,2WD,Gasoline,S2,8FMXV02.3VZT,midsize car,9.5,20.0,28.0,23.0,7.0
337,FORD Fusion,3.0,6,Auto-L6,4WD,Gasoline,U2,8FMXV03.0VEK,midsize car,7.0,17.0,25.0,20.0,6.0
338,FORD Fusion,3.0,6,Auto-L6,2WD,Gasoline,U2,8FMXV03.0VEK,midsize car,7.0,18.0,26.0,21.0,6.0
339,FORD Mustang,4.0,6,Auto-L5,2WD,Gasoline,U2,8FMXV04.0VER,small car,7.0,16.0,24.0,19.0,5.0
340,FORD Mustang,4.0,6,Man-5,2WD,Gasoline,U2,8FMXV04.0VER,small car,7.0,17.0,26.0,20.0,6.0
341,FORD Mustang,4.6,8,Auto-L5,2WD,Gasoline,U2,8FMXV04.6VBB,small car,7.0,15.0,22.0,18.0,5.0
342,FORD Mustang,4.6,8,Man-5,2WD,Gasoline,U2,8FMXV04.6VBB,small car,7.0,15.0,23.0,18.0,5.0
343,FORD Mustang,4.6,8,Auto-L5,2WD,Gasoline,L2,8FMXV05.4VEK,small car,6.0,15.0,22.0,18.0,5.0
344,FORD Mustang,4.6,8,Man-5,2WD,Gasoline,L2,8FMXV05.4VEK,small car,6.0,15.0,23.0,18.0,5.0
345,FORD Mustang,5.4,8,Man-6,2WD,Gasoline,L2,8FMXV05.4VEK,small car,6.0,14.0,20.0,16.0,4.0
346,FORD Ranger,2.3,4,Auto-L5,2WD,Gasoline,U2,8FMXT02.31BA,pickup,7.0,19.0,24.0,21.0,6.0
347,FORD Ranger,2.3,4,Man-5,2WD,Gasoline,U2,8FMXT02.31BA,pickup,7.0,21.0,26.0,23.0,7.0
348,FORD Ranger,3.0,6,Auto-L5,2WD,Gasoline,U2,8FMXT03.01BK,pickup,7.0,15.0,20.0,17.0,4.0
349,FORD Ranger,3.0,6,Man-5,2WD,Gasoline,U2,8FMXT03.01BK,pickup,7.0,16.0,22.0,18.0,5.0
350,FORD Ranger,3.0,6,Auto-L5,2WD,Gasoline,U2,8FMXT03.02BB,pickup,7.0,15.0,20.0,17.0,4.0
351,FORD Ranger,3.0,6,Man-5,2WD,Gasoline,U2,8FMXT03.02BB,pickup,7.0,16.0,22.0,18.0,5.0
352,FORD Ranger,3.0,6,Auto-L5,4WD,Gasoline,U2,8FMXT03.02BB,pickup,7.0,14.0,19.0,16.0,4.0
353,FORD Ranger,3.0,6,Man-5,4WD,Gasoline,U2,8FMXT03.02BB,pickup,7.0,15.0,20.0,17.0,4.0
354,FORD Ranger,4.0,6,Man-5,2WD,Gasoline,L2,8FMXT04.02EG,pickup,6.0,15.0,20.0,17.0,4.0
355,FORD Ranger,4.0,6,Auto-L5,2WD,Gasoline,L2,8FMXT04.02EG,pickup,6.0,15.0,20.0,17.0,4.0
356,FORD Ranger,4.0,6,Auto-L5,4WD,Gasoline,L2,8FMXT04.02EG,pickup,6.0,14.0,17.0,15.0,3.0
357,FORD Ranger,4.0,6,Man-5,4WD,Gasoline,L2,8FMXT04.02EG,pickup,6.0,15.0,19.0,16.0,4.0
358,FORD Taurus,3.5,6,Auto-L6,4WD,Gasoline,S2,8FMXV03.51ZL,large car,9.5,17.0,24.0,19.0,5.0
359,FORD Taurus,3.5,6,Auto-L6,2WD,Gasoline,S2,8FMXV03.51ZL,large car,9.5,18.0,28.0,22.0,6.0
360,FORD Taurus X,3.5,6,Auto-L6,2WD,Gasoline,S2,8FMXV03.51ZL,SUV,9.5,16.0,24.0,19.0,5.0
361,FORD Taurus X,3.5,6,Auto-L6,4WD,Gasoline,S2,8FMXV03.51ZL,SUV,9.5,15.0,22.0,18.0,5.0
362,GMC Acadia,3.6,6,Auto-L6,2WD,Gasoline,L2,8GMXT03.6151,SUV,6.0,16.0,24.0,19.0,5.0
363,GMC Acadia,3.6,6,Auto-L6,4WD,Gasoline,L2,8GMXT03.6151,SUV,6.0,16.0,22.0,18.0,5.0
364,GMC Envoy,5.3,8,Auto-L4,2WD,Gasoline,L2,8GMXT06.0387,SUV,6.0,14.0,20.0,17.0,4.0
365,GMC Envoy,5.3,8,Auto-L4,4WD,Gasoline,L2,8GMXT06.0387,SUV,6.0,13.0,19.0,16.0,4.0
366,GMC Savana 1500,4.3,6,Auto-L4,2WD,Gasoline,L2,8GMXT04.3186,van,6.0,15.0,20.0,17.0,4.0
367,GMC Savana 1500,5.3,8,Auto-L4,4WD,Gasoline,L2,8GMXT05.3384,van,6.0,12.0,16.0,14.0,2.0
368,GMC Savana 1500,5.3,8,Auto-L4,2WD,Gasoline,L2,8GMXT05.3384,van,6.0,12.0,16.0,14.0,2.0
369,GMC Savana 1500,5.3,8,Auto-L4,4WD,Gasoline,L2,8GMXT05.3384,van,6.0,13.0,17.0,15.0,3.0
370,GMC Savana 1500,5.3,8,Auto-L4,2WD,Gasoline,L2,8GMXT05.3384,van,6.0,14.0,18.0,15.0,3.0
371,GMC Savana 1500,5.3,8,Auto-L4,4WD,Gasoline,L2,8GMXT05.3384,van,6.0,12.0,16.0,14.0,2.0
372,GMC Savana 1500,5.3,8,Auto-L4,2WD,Gasoline,L2,8GMXT05.3384,van,6.0,12.0,16.0,14.0,2.0
373,GMC Savana 2500,4.3,6,Auto-L4,2WD,Gasoline,L2,8GMXT04.3186,van,6.0,15.0,20.0,17.0,4.0
374,GMC Savana 2500,5.3,8,Auto-L4,2WD,Gasoline,L2,8GMXT05.3384,van,6.0,12.0,16.0,14.0,2.0
375,GMC Savana 2500,5.3,8,Auto-L4,4WD,Gasoline,L2,8GMXT05.3384,van,6.0,13.0,17.0,15.0,3.0
376,GMC Savana 2500,5.3,8,Auto-L4,2WD,Gasoline,L2,8GMXT05.3384,van,6.0,14.0,18.0,15.0,3.0
377,GMC Savana 2500,5.3,8,Auto-L4,2WD,Gasoline,L2,8GMXT05.3384,van,6.0,12.0,16.0,14.0,2.0
378,GMC Sierra 15,4.3,6,Auto-L4,2WD,Gasoline,L2,8GMXT04.3186,pickup,6.0,15.0,20.0,17.0,4.0
379,GMC Sierra 15,4.3,6,Auto-L4,4WD,Gasoline,L2,8GMXT04.3186,pickup,6.0,14.0,18.0,15.0,3.0
380,GMC Sierra 15,6.0,8,Auto-L4,2WD,Gasoline,L2,8GMXT06.2382,pickup,6.0,13.0,18.0,15.0,3.0
381,GMC Sierra 15,6.2,8,Auto-L6,2WD,Gasoline,L2,8GMXT06.2382,pickup,6.0,12.0,19.0,15.0,3.0
382,GMC Sierra 15,6.2,8,Auto-L6,4WD,Gasoline,L2,8GMXT06.2382,pickup,6.0,12.0,18.0,14.0,2.0
383,GMC Yukon 1500,6.0,8,Auto-L4,2WD,Gasoline,L2,8GMXT06.2382,SUV,6.0,12.0,17.0,14.0,2.0
384,GMC Yukon 1500,6.2,8,Auto-L6,2WD,Gasoline,L2,8GMXT06.2382,SUV,6.0,12.0,19.0,14.0,2.0
385,GMC Yukon 1500,6.2,8,Auto-L6,4WD,Gasoline,L2,8GMXT06.2382,SUV,6.0,12.0,18.0,14.0,2.0
386,GMC Yukon 1500 Hybrid,6.0,8,Auto-AV,2WD,Gasoline,L2,8GMXT06.0392,SUV,6.0,21.0,22.0,21.0,6.0
387,GMC Yukon 1500 Hybrid,6.0,8,Auto-AV,4WD,Gasoline,L2,8GMXT06.0392,SUV,6.0,20.0,20.0,20.0,6.0
388,HONDA Accord,2.4,4,Auto-L5,2WD,Gasoline,S2,8HNXV02.4EMC,large car,9.5,21.0,31.0,24.0,7.0
389,HONDA Accord,2.4,4,Auto-L5,2WD,Gasoline,S2,8HNXV02.4EMC,small car,9.5,21.0,30.0,24.0,7.0
390,HONDA Accord,3.5,6,Auto-L5,2WD,Gasoline,S2,8HNXV03.5BMC,large car,9.5,19.0,29.0,22.0,6.0
391,HONDA Accord,3.5,6,Auto-L5,2WD,Gasoline,S2,8HNXV03.5BMC,small car,9.5,19.0,28.0,22.0,6.0
392,HONDA Accord,2.4,4,Auto-L5,2WD,Gasoline,U2,8HNXV02.4TKR,large car,7.0,21.0,31.0,24.0,7.0
393,HONDA Accord,2.4,4,Man-5,2WD,Gasoline,U2,8HNXV02.4TKR,large car,7.0,22.0,31.0,25.0,7.0
394,HONDA Accord,2.4,4,Auto-L5,2WD,Gasoline,U2,8HNXV02.4TKR,small car,7.0,21.0,30.0,24.0,7.0
395,HONDA Accord,2.4,4,Man-5,2WD,Gasoline,U2,8HNXV02.4TKR,small car,7.0,22.0,31.0,25.0,7.0
396,HONDA Accord,3.5,6,Auto-L5,2WD,Gasoline,U2,8HNXV03.5VKR,large car,7.0,19.0,29.0,22.0,6.0
397,HONDA Accord,3.5,6,Man-6,2WD,Gasoline,U2,8HNXV03.5VKR,small car,7.0,17.0,25.0,20.0,6.0
398,HONDA Accord,3.5,6,Auto-L5,2WD,Gasoline,U2,8HNXV03.5VKR,small car,7.0,19.0,28.0,22.0,6.0
399,HONDA CR-V,2.4,4,Auto-L5,2WD,Gasoline,U2,8HNXT02.4KKR,SUV,7.0,20.0,27.0,23.0,7.0
400,HONDA CR-V,2.4,4,Auto-L5,4WD,Gasoline,U2,8HNXT02.4KKR,SUV,7.0,20.0,26.0,22.0,6.0
401,HONDA Civic,1.8,4,Auto-L5,2WD,CNG,S2,8HNXV01.8XW3,small car,9.5,24.0,36.0,28.0,9.0
402,HONDA Civic,1.8,4,Auto-L5,2WD,Gasoline,U2,8HNXV01.8LKR,small car,7.0,25.0,36.0,29.0,8.0
403,HONDA Civic,1.8,4,Man-5,2WD,Gasoline,U2,8HNXV01.8LKR,small car,7.0,26.0,34.0,29.0,8.0
404,HONDA Civic,2.0,4,Man-6,2WD,Gasoline,L2,8HNXV02.4FKC,small car,6.0,21.0,29.0,24.0,7.0
405,HONDA Civic Hybrid,1.3,4,Auto-AV,2WD,Gasoline,S2,8HNXV01.3ZCP,small car,9.5,40.0,45.0,42.0,10.0
406,HONDA Element,2.4,4,Man-5,2WD,Gasoline,L2,8HNXV02.4CKC,SUV,6.0,18.0,23.0,20.0,6.0
407,HONDA Element,2.4,4,Auto-L5,2WD,Gasoline,L2,8HNXV02.4CKC,SUV,6.0,20.0,25.0,22.0,6.0
408,HONDA Element,2.4,4,Man-5,4WD,Gasoline,L2,8HNXV02.4CKC,SUV,6.0,18.0,23.0,20.0,6.0
409,HONDA Element,2.4,4,Auto-L5,4WD,Gasoline,L2,8HNXV02.4CKC,SUV,6.0,19.0,24.0,21.0,6.0
410,HONDA Fit,1.5,4,Auto-S5,2WD,Gasoline,L2,8HNXV01.5JKC,station wagon,6.0,27.0,33.0,29.0,8.0
411,HONDA Fit,1.5,4,Auto-L5,2WD,Gasoline,L2,8HNXV01.5JKC,station wagon,6.0,27.0,34.0,30.0,8.0
412,HONDA Fit,1.5,4,Man-5,2WD,Gasoline,L2,8HNXV01.5JKC,station wagon,6.0,28.0,34.0,31.0,9.0
413,HONDA Odyssey,3.5,6,Auto-L5,2WD,Gasoline,U2,8HNXT03.54KR,minivan,7.0,16.0,23.0,18.0,5.0
414,HONDA Odyssey,3.5,6,Auto-L5,2WD,Gasoline,U2,8HNXT03.54KR,minivan,7.0,17.0,25.0,20.0,6.0
415,HONDA Pilot,3.5,6,Auto-L5,2WD,Gasoline,U2,8HNXT03.5NKR,SUV,7.0,16.0,22.0,18.0,5.0
416,HONDA Pilot,3.5,6,Auto-L5,4WD,Gasoline,U2,8HNXT03.5NKR,SUV,7.0,15.0,20.0,17.0,4.0
417,HONDA Ridgeline,3.5,6,Auto-L5,4WD,Gasoline,U2,8HNXT03.5MKR,pickup,7.0,15.0,20.0,17.0,4.0
418,HONDA S2000,2.2,4,Man-6,2WD,Gasoline,L2,8HNXV02.2AKC,small car,6.0,18.0,25.0,21.0,6.0
419,HUMMER H3,3.7,5,Man-5,4WD,Gasoline,L2,8GMXT03.7187,SUV,6.0,13.0,18.0,15.0,3.0
420,HUMMER H3,3.7,5,Auto-L4,4WD,Gasoline,L2,8GMXT03.7187,SUV,6.0,14.0,18.0,15.0,3.0
421,HYUNDAI Accent,1.6,4,Auto-L4,2WD,Gasoline,U2,8HYXV01.6MW5,small car,7.0,24.0,33.0,28.0,8.0
422,HYUNDAI Accent,1.6,4,Man-5,2WD,Gasoline,U2,8HYXV01.6MW5,small car,7.0,27.0,32.0,29.0,8.0
423,HYUNDAI Azera,3.3,6,Auto-L5,2WD,Gasoline,U2,8HYXV03.3TW5,large car,7.0,18.0,26.0,21.0,6.0
424,HYUNDAI Azera,3.8,6,Auto-L5,2WD,Gasoline,U2,8HYXV03.8AW5,large car,7.0,17.0,26.0,20.0,6.0
425,HYUNDAI Elantra,2.0,4,Auto-L4,2WD,Gasoline,S2,8HYXV02.0HPC,midsize car,9.5,25.0,33.0,28.0,8.0
426,HYUNDAI Elantra,2.0,4,Man-5,2WD,Gasoline,U2,8HYXV02.0HW5,midsize car,7.0,24.0,33.0,27.0,8.0
427,HYUNDAI Elantra,2.0,4,Auto-L4,2WD,Gasoline,U2,8HYXV02.0HW5,midsize car,7.0,25.0,33.0,28.0,8.0
428,HYUNDAI Entourage,3.8,6,Auto-L5,2WD,Gasoline,U2,8KMXT03.8VW5,minivan,7.0,16.0,23.0,18.0,5.0
429,HYUNDAI Santa Fe,2.7,6,Man-5,2WD,Gasoline,U2,8HYXT02.7CW5,SUV,7.0,17.0,24.0,20.0,6.0
430,HYUNDAI Santa Fe,2.7,6,Auto-L4,2WD,Gasoline,U2,8HYXT02.7CW5,SUV,7.0,18.0,24.0,20.0,6.0
431,HYUNDAI Santa Fe,2.7,6,Auto-L4,4WD,Gasoline,U2,8HYXT02.7CW5,SUV,7.0,17.0,23.0,19.0,5.0
432,HYUNDAI Santa Fe,2.7,6,Man-5,4WD,Gasoline,U2,8HYXT02.7CW5,SUV,7.0,17.0,23.0,19.0,5.0
433,HYUNDAI Santa Fe,3.3,6,Auto-L5,2WD,Gasoline,U2,8HYXT03.3PW5,SUV,7.0,17.0,24.0,20.0,6.0
434,HYUNDAI Santa Fe,3.3,6,Auto-L5,4WD,Gasoline,U2,8HYXT03.3PW5,SUV,7.0,17.0,24.0,19.0,5.0
435,HYUNDAI Sonata,2.4,4,Auto-L4,2WD,Gasoline,U2,8HYXV02.4SW5,large car,7.0,21.0,30.0,24.0,7.0
436,HYUNDAI Sonata,2.4,4,Man-5,2WD,Gasoline,U2,8HYXV02.4SW5,large car,7.0,21.0,31.0,25.0,7.0
437,HYUNDAI Sonata,3.3,6,Auto-L5,2WD,Gasoline,U2,8HYXV03.3FW5,large car,7.0,19.0,28.0,22.0,6.0
438,HYUNDAI Tiburon,2.0,4,Auto-L4,2WD,Gasoline,U2,8HYXV02.0GW5,small car,7.0,20.0,27.0,22.0,6.0
439,HYUNDAI Tiburon,2.0,4,Man-5,2WD,Gasoline,U2,8HYXV02.0GW5,small car,7.0,20.0,28.0,23.0,7.0
440,HYUNDAI Tiburon,2.7,6,Man-6,2WD,Gasoline,L2,8HYXV02.7KM5,small car,6.0,16.0,24.0,19.0,5.0
441,HYUNDAI Tiburon,2.7,6,Auto-L4,2WD,Gasoline,L2,8HYXV02.7KM5,small car,6.0,17.0,24.0,20.0,6.0
442,HYUNDAI Tiburon,2.7,6,Man-5,2WD,Gasoline,L2,8HYXV02.7KM5,small car,6.0,17.0,24.0,20.0,6.0
443,HYUNDAI Tucson,2.0,4,Auto-L4,2WD,Gasoline,U2,8HYXT02.0JW5,SUV,7.0,19.0,25.0,22.0,6.0
444,HYUNDAI Tucson,2.0,4,Man-5,2WD,Gasoline,U2,8HYXT02.0JW5,SUV,7.0,20.0,25.0,22.0,6.0
445,HYUNDAI Tucson,2.0,4,Man-5,4WD,Gasoline,U2,8HYXT02.0JW5,SUV,7.0,19.0,24.0,21.0,6.0
446,HYUNDAI Tucson,2.7,6,Auto-L4,2WD,Gasoline,L2,8HYXT02.7MM5,SUV,6.0,18.0,24.0,20.0,6.0
447,HYUNDAI Tucson,2.7,6,Auto-L4,4WD,Gasoline,L2,8HYXT02.7MM5,SUV,6.0,17.0,23.0,19.0,5.0
448,HYUNDAI Veracruz,3.8,6,Auto-L6,2WD,Gasoline,L2,8HYXT03.8EM5,SUV,6.0,16.0,23.0,18.0,5.0
449,HYUNDAI Veracruz,3.8,6,Auto-L6,4WD,Gasoline,L2,8HYXT03.8EM5,SUV,6.0,15.0,22.0,18.0,5.0
450,INFINITI FX35,3.5,6,Auto-S5,2WD,Gasoline,L2,8NSXT03.5G7A,SUV,6.0,15.0,22.0,18.0,5.0
451,INFINITI FX35,3.5,6,Auto-S5,4WD,Gasoline,L2,8NSXT03.5G7A,SUV,6.0,15.0,20.0,17.0,4.0
452,INFINITI FX45,4.5,8,Auto-S5,4WD,Gasoline,L2,8NSXT04.5G8A,SUV,6.0,13.0,17.0,14.0,2.0
453,INFINITI G35,3.5,6,Auto-S5,2WD,Gasoline,U2,8NSXV03.5GAB,midsize car,7.0,17.0,24.0,20.0,6.0
454,INFINITI G35,3.5,6,Man-6,2WD,Gasoline,U2,8NSXV03.5GAB,midsize car,7.0,17.0,25.0,20.0,6.0
455,INFINITI G35X,3.5,6,Auto-S5,4WD,Gasoline,U2,8NSXV03.5GAB,midsize car,7.0,17.0,23.0,19.0,5.0
456,INFINITI G37,3.7,6,Man-6,2WD,Gasoline,U2,8NSXV03.7GAA,small car,7.0,17.0,26.0,20.0,6.0
457,INFINITI G37,3.7,6,Auto-S5,2WD,Gasoline,U2,8NSXV03.7GAA,small car,7.0,18.0,24.0,20.0,6.0
458,INFINITI M35,3.5,6,Auto-S5,2WD,Gasoline,L2,8NSXV03.5G7C,large car,6.0,16.0,23.0,19.0,5.0
459,INFINITI M35X,3.5,6,Auto-S5,4WD,Gasoline,L2,8NSXV03.5G7C,large car,6.0,16.0,22.0,18.0,5.0
460,INFINITI M45,4.5,8,Auto-S5,2WD,Gasoline,L2,8NSXV04.5G8A,large car,6.0,16.0,21.0,18.0,5.0
461,INFINITI M45X,4.5,8,Auto-S5,4WD,Gasoline,L2,8NSXV04.5G8A,large car,6.0,14.0,20.0,16.0,4.0
462,INFINITI QX56,5.6,8,Auto-L5,2WD,Gasoline,L2,8NSXT05.6G9A,SUV,6.0,12.0,18.0,14.0,2.0
463,INFINITI QX56,5.6,8,Auto-L5,4WD,Gasoline,L2,8NSXT05.6G9A,SUV,6.0,12.0,17.0,14.0,2.0
464,JEEP Commander,3.7,6,Auto-L5,2WD,Gasoline,L2,8CRXT03.7NE0,SUV,6.0,14.0,19.0,16.0,4.0
465,JEEP Commander,3.7,6,Auto-L5,4WD,Gasoline,L2,8CRXT03.7NE0,SUV,6.0,14.0,19.0,16.0,4.0
466,JEEP Commander,4.7,8,Auto-L5,2WD,Gasoline,L2,8CRXT04.7PE0,SUV,6.0,14.0,19.0,15.0,3.0
467,JEEP Commander,4.7,8,Auto-L5,4WD,Gasoline,L2,8CRXT04.7PE0,SUV,6.0,13.0,18.0,14.0,2.0
468,JEEP Commander,5.7,8,Auto-L5,2WD,Gasoline,L2,8CRXT05.7PE0,SUV,6.0,13.0,19.0,15.0,3.0
469,JEEP Commander,5.7,8,Auto-L5,4WD,Gasoline,L2,8CRXT05.7PE0,SUV,6.0,13.0,17.0,14.0,2.0
470,JEEP Compass,2.4,4,Man-5,2WD,Gasoline,U2,8CRXB0144M80,SUV,7.0,23.0,28.0,25.0,7.0
471,JEEP Compass,2.4,4,Auto-AV,4WD,Gasoline,U2,8CRXB0144M81,SUV,7.0,21.0,24.0,22.0,6.0
472,JEEP Compass,2.4,4,Man-5,4WD,Gasoline,U2,8CRXB0144M80,SUV,7.0,22.0,27.0,24.0,7.0
473,JEEP Grand Cherokee,3.7,6,Auto-L5,2WD,Gasoline,L2,8CRXT03.7NE0,SUV,6.0,15.0,20.0,17.0,4.0
474,JEEP Grand Cherokee,3.7,6,Auto-L5,4WD,Gasoline,L2,8CRXT03.7NE0,SUV,6.0,15.0,19.0,17.0,4.0
475,JEEP Grand Cherokee,4.7,8,Auto-L5,2WD,Gasoline,L2,8CRXT04.7PE0,SUV,6.0,14.0,19.0,15.0,3.0
476,JEEP Grand Cherokee,4.7,8,Auto-L5,4WD,Gasoline,L2,8CRXT04.7PE0,SUV,6.0,14.0,19.0,15.0,3.0
477,JEEP Grand Cherokee,5.7,8,Auto-L5,2WD,Gasoline,L2,8CRXT05.7PE0,SUV,6.0,13.0,19.0,15.0,3.0
478,JEEP Grand Cherokee,5.7,8,Auto-L5,4WD,Gasoline,L2,8CRXT05.7PE0,SUV,6.0,13.0,18.0,15.0,3.0
479,JEEP Grand Cherokee,6.1,8,Auto-L5,4WD,Gasoline,L2,8CRXT06.1PE0,SUV,6.0,11.0,14.0,12.0,0.0
480,JEEP Liberty,3.7,6,Auto-L4,2WD,Gasoline,U2,8CRXT0226N80,SUV,7.0,16.0,22.0,18.0,5.0
481,JEEP Liberty,3.7,6,Auto-L4,4WD,Gasoline,U2,8CRXT0226N80,SUV,7.0,15.0,21.0,17.0,4.0
482,JEEP Liberty,3.7,6,Auto-L4,2WD,Gasoline,L2,8CRXT03.7NE0,SUV,6.0,16.0,22.0,18.0,5.0
483,JEEP Liberty,3.7,6,Man-6,2WD,Gasoline,L2,8CRXT03.7NE0,SUV,6.0,16.0,22.0,19.0,5.0
484,JEEP Liberty,3.7,6,Auto-L4,4WD,Gasoline,L2,8CRXT03.7NE0,SUV,6.0,15.0,21.0,17.0,4.0
485,JEEP Liberty,3.7,6,Man-6,4WD,Gasoline,L2,8CRXT03.7NE0,SUV,6.0,16.0,22.0,18.0,5.0
486,JEEP Patriot,2.4,4,Man-5,2WD,Gasoline,U2,8CRXB0144M80,SUV,7.0,23.0,28.0,25.0,7.0
487,JEEP Patriot,2.4,4,Auto-AV,4WD,Gasoline,U2,8CRXB0144M81,SUV,7.0,20.0,22.0,21.0,6.0
488,JEEP Patriot,2.4,4,Auto-AV,4WD,Gasoline,U2,8CRXB0144M81,SUV,7.0,21.0,24.0,22.0,6.0
489,JEEP Patriot,2.4,4,Man-5,4WD,Gasoline,U2,8CRXB0144M80,SUV,7.0,22.0,27.0,24.0,7.0
490,JEEP Wrangler,3.8,6,Auto-L4,2WD,Gasoline,U2,8CRXT0231N81,SUV,7.0,15.0,20.0,17.0,4.0
491,JEEP Wrangler,3.8,6,Man-6,2WD,Gasoline,U2,8CRXT0231N81,SUV,7.0,16.0,21.0,18.0,5.0
492,JEEP Wrangler,3.8,6,Man-6,4WD,Gasoline,U2,8CRXT0231N81,SUV,7.0,15.0,19.0,16.0,4.0
493,JEEP Wrangler,3.8,6,Auto-L4,4WD,Gasoline,U2,8CRXT0231N81,SUV,7.0,15.0,19.0,17.0,4.0
494,KIA Amanti,3.8,6,Auto-L5,2WD,Gasoline,U2,8KMXV03.8HW5,large car,7.0,17.0,24.0,19.0,5.0
495,KIA Optima,2.4,4,Auto-L5,2WD,Gasoline,U2,8KMXV02.4MW5,midsize car,7.0,21.0,31.0,25.0,7.0
496,KIA Optima,2.4,4,Man-5,2WD,Gasoline,U2,8KMXV02.4MW5,midsize car,7.0,21.0,31.0,25.0,7.0
497,KIA Rio,1.6,4,Auto-L4,2WD,Gasoline,U2,8KMXV01.6BW5,small car,7.0,25.0,35.0,29.0,8.0
498,KIA Rio,1.6,4,Man-5,2WD,Gasoline,U2,8KMXV01.6BW5,small car,7.0,27.0,32.0,29.0,8.0
499,KIA Rondo,2.4,4,Auto-L4,2WD,Gasoline,U2,8KMXV02.4UW5,station wagon,7.0,19.0,26.0,22.0,6.0
500,KIA Rondo,2.7,6,Auto-L5,2WD,Gasoline,U2,8KMXV02.7NW5,station wagon,7.0,18.0,26.0,21.0,6.0
501,KIA Sedona,3.8,6,Auto-L5,2WD,Gasoline,U2,8KMXT03.8VW5,minivan,7.0,16.0,23.0,18.0,5.0
502,KIA Sorento,3.8,6,Auto-L5,2WD,Gasoline,L2,8KMXT03.8LM5,SUV,6.0,15.0,21.0,17.0,4.0
503,KIA Sorento,3.8,6,Auto-L5,4WD,Gasoline,L2,8KMXT03.8LM5,SUV,6.0,15.0,20.0,17.0,4.0
504,KIA Spectra,2.0,4,Auto-L4,2WD,Gasoline,S2,8KMXV02.0LPC,midsize car,9.5,24.0,32.0,27.0,8.0
505,KIA Spectra,2.0,4,Man-5,2WD,Gasoline,U2,8KMXV02.0LW5,midsize car,7.0,23.0,30.0,26.0,8.0
506,KIA Spectra,2.0,4,Auto-L4,2WD,Gasoline,U2,8KMXV02.0LW5,midsize car,7.0,24.0,32.0,27.0,8.0
507,KIA Sportage,2.0,4,Auto-L4,2WD,Gasoline,U2,8KMXT02.0KW5,SUV,7.0,19.0,25.0,21.0,6.0
508,KIA Sportage,2.0,4,Man-5,2WD,Gasoline,U2,8KMXT02.0KW5,SUV,7.0,20.0,25.0,22.0,6.0
509,KIA Sportage,2.0,4,Man-5,4WD,Gasoline,U2,8KMXT02.0KW5,SUV,7.0,19.0,24.0,21.0,6.0
510,KIA Sportage,2.7,6,Auto-L4,2WD,Gasoline,L2,8KMXT02.7MM5,SUV,6.0,17.0,23.0,20.0,6.0
511,KIA Sportage,2.7,6,Auto-L4,4WD,Gasoline,L2,8KMXT02.7MM5,SUV,6.0,17.0,21.0,19.0,5.0
512,LAMBORGHINI Gallardo Coupe,5.0,10,Man-6,4WD,Gasoline,L2,8NLXV05.0406,small car,6.0,10.0,17.0,13.0,1.0
513,LAMBORGHINI Gallardo Coupe,5.0,10,Auto-S6,4WD,Gasoline,L2,8NLXV05.0406,small car,6.0,11.0,17.0,13.0,1.0
514,LAMBORGHINI Gallardo Spyder,5.0,10,Man-6,4WD,Gasoline,L2,8NLXV05.0406,small car,6.0,10.0,15.0,12.0,0.0
515,LAMBORGHINI Gallardo Spyder,5.0,10,Auto-S6,4WD,Gasoline,L2,8NLXV05.0406,small car,6.0,10.0,16.0,12.0,0.0
516,LAMBORGHINI Murcielago,6.5,12,Man-6,4WD,Gasoline,L2,8NLXV06.5474,small car,6.0,8.0,13.0,10.0,0.0
517,LAMBORGHINI Murcielago,6.5,12,Auto-S6,4WD,Gasoline,L2,8NLXV06.5474,small car,6.0,9.0,14.0,11.0,0.0
518,LAMBORGHINI Murcielago Reventon,6.5,12,Auto-S6,4WD,Gasoline,L2,8NLXV06.5474,small car,6.0,9.0,14.0,11.0,0.0
519,LAMBORGHINI Murcielago Roadster,6.5,12,Man-6,4WD,Gasoline,L2,8NLXV06.5474,small car,6.0,8.0,13.0,10.0,0.0
520,LAMBORGHINI Murcielago Roadster,6.5,12,Auto-S6,4WD,Gasoline,L2,8NLXV06.5474,small car,6.0,9.0,14.0,11.0,0.0
521,LAND ROVER LR2,3.2,6,Auto-S6,4WD,Gasoline,U2,8LRXT03.2001,SUV,7.0,16.0,23.0,18.0,5.0
522,LAND ROVER LR3,4.4,8,Auto-S6,4WD,Gasoline,U2,8LRXT04.4001,SUV,7.0,12.0,17.0,14.0,2.0
523,LAND ROVER Range Rover,4.2,8,Auto-S6,4WD,Gasoline,L2,8LRXT04.2001,SUV,6.0,12.0,18.0,14.0,2.0
524,LAND ROVER Range Rover,4.4,8,Auto-S6,4WD,Gasoline,L2,8LRXT04.2001,SUV,6.0,12.0,18.0,14.0,2.0
525,LAND ROVER Range Rover Sport,4.4,8,Auto-S6,4WD,Gasoline,U2,8LRXT04.4001,SUV,7.0,12.0,18.0,15.0,3.0
526,LAND ROVER Range Rover Sport,4.2,8,Auto-S6,4WD,Gasoline,L2,8LRXT04.2001,SUV,6.0,12.0,18.0,14.0,2.0
527,LEXUS ES 350,3.5,6,Auto-S6,2WD,Gasoline,U2,8TYXV03.5BEA,midsize car,7.0,19.0,27.0,22.0,6.0
528,LEXUS GS 350,3.5,6,Auto-S6,4WD,Gasoline,U2,8TYXV03.5BEB,midsize car,7.0,18.0,25.0,20.0,6.0
529,LEXUS GS 350,3.5,6,Auto-S6,2WD,Gasoline,U2,8TYXV03.5BEB,midsize car,7.0,19.0,27.0,22.0,6.0
530,LEXUS GS 450h,3.5,6,Auto-S6,2WD,Gasoline,S2,8TYXV03.5CC4,small car,9.0,22.0,25.0,23.0,7.0
531,LEXUS GS 460,4.6,8,S8,2WD,Gasoline,U2,8TYXV04.6BEA,midsize car,7.0,17.0,24.0,20.0,6.0
532,LEXUS GX 470,4.7,8,Auto-L5,4WD,Gasoline,U2,8TYXT04.7BES,SUV,7.0,14.0,18.0,15.0,3.0
533,LEXUS IS 250,2.5,6,Man-6,2WD,Gasoline,U2,8TYXV02.5BEA,small car,7.0,18.0,26.0,21.0,6.0
534,LEXUS IS 250,2.5,6,Auto-S6,4WD,Gasoline,U2,8TYXV02.5BEA,small car,7.0,20.0,26.0,22.0,6.0
535,LEXUS IS 250,2.5,6,Auto-S6,2WD,Gasoline,U2,8TYXV02.5BEA,small car,7.0,21.0,29.0,24.0,7.0
536,LEXUS IS 350,3.5,6,Auto-S6,2WD,Gasoline,U2,8TYXV03.5BEB,small car,7.0,18.0,25.0,20.0,6.0
537,LEXUS LS 460,4.6,8,S8,2WD,Gasoline,U2,8TYXV04.6BEA,midsize car,7.0,16.0,24.0,19.0,5.0
538,LEXUS LS 460 L,4.6,8,S8,2WD,Gasoline,U2,8TYXV04.6BEA,midsize car,7.0,16.0,24.0,19.0,5.0
539,LEXUS LS 600HL,5.0,8,S8,4WD,Gasoline,S2,8TYXV05.0CC4,midsize car,9.0,20.0,22.0,21.0,6.0
540,LEXUS LX 570,5.7,8,Auto-S6,4WD,Gasoline,U2,8TYXT05.7BEX,SUV,7.0,12.0,18.0,14.0,2.0
541,LEXUS RX 350,3.5,6,Auto-L5,2WD,Gasoline,U2,8TYXT03.5BEM,SUV,7.0,18.0,23.0,20.0,6.0
542,LEXUS RX 350,3.5,6,Auto-S5,2WD,Gasoline,U2,8TYXT03.5BEM,SUV,7.0,18.0,23.0,20.0,6.0
543,LEXUS RX 350,3.5,6,Auto-L5,4WD,Gasoline,U2,8TYXT03.5BEM,SUV,7.0,17.0,22.0,19.0,5.0
544,LEXUS RX 350,3.5,6,Auto-S5,4WD,Gasoline,U2,8TYXT03.5BEM,SUV,7.0,17.0,22.0,19.0,5.0
545,LEXUS RX 400H,3.3,6,Auto-AV,2WD,Gasoline,S2,8TYXT03.3CCU,SUV,9.0,27.0,24.0,25.0,7.0
546,LEXUS RX 400H,3.3,6,Auto-AV,4WD,Gasoline,S2,8TYXT03.3CCU,SUV,9.0,26.0,24.0,25.0,7.0
547,LEXUS SC 430,4.3,8,Auto-S6,2WD,Gasoline,L2,8TYXV04.3AJA,small car,6.0,16.0,23.0,19.0,5.0
548,LINCOLN MKX,3.5,6,Auto-L6,2WD,Gasoline,U2,8FMXT03.52EB,SUV,7.0,16.0,24.0,19.0,5.0
549,LINCOLN MKX,3.5,6,Auto-L6,4WD,Gasoline,U2,8FMXT03.52EB,SUV,7.0,15.0,22.0,18.0,5.0
550,LINCOLN MKZ,3.5,6,Auto-L6,4WD,Gasoline,U2,8FMXV03.5VEP,midsize car,7.0,17.0,24.0,19.0,5.0
551,LINCOLN MKZ,3.5,6,Auto-L6,2WD,Gasoline,U2,8FMXV03.5VEP,midsize car,7.0,18.0,28.0,22.0,6.0
552,LINCOLN Mark LT,5.4,8,Auto-L4,2WD,Gasoline,B4,8FMXT05.44D7,pickup,7.0,12.0,16.0,14.0,2.0
553,LINCOLN Mark LT,5.4,8,Auto-L4,4WD,Gasoline,B4,8FMXT05.44D7,pickup,7.0,13.0,17.0,14.0,2.0
554,LINCOLN Navigator,5.4,8,Auto-L6,2WD,Gasoline,U2,8FMXT05.44E6,SUV,7.0,12.0,18.0,14.0,2.0
555,LOTUS Elise,1.8,4,Man-6,2WD,Gasoline,L2,8LTXV01.8JHB,small car,6.0,20.0,26.0,22.0,6.0
556,LOTUS Elise,1.8,4,Man-6,2WD,Gasoline,L2,8LTXV01.8JHB,small car,6.0,21.0,27.0,23.0,7.0
557,LOTUS Exige,1.8,4,Man-6,2WD,Gasoline,L2,8LTXV01.8JHB,small car,6.0,20.0,26.0,22.0,6.0
558,LOTUS Exige,1.8,4,Man-6,2WD,Gasoline,L2,8LTXV01.8JHB,small car,6.0,21.0,27.0,23.0,7.0
559,MASERATI Granturismo,4.2,8,Auto-6,2WD,Gasoline,L2,8MAXV04.2LEV,small car,6.0,14.0,21.0,17.0,4.0
560,MASERATI Quattroporte,4.2,8,Auto-6,2WD,Gasoline,L2,8MAXV04.2LEV,large car,6.0,13.0,19.0,15.0,3.0
561,MAZDA 3,2.0,4,Auto-S4,2WD,Gasoline,S2,8TKXV02.0NH1,small car,9.5,23.0,31.0,26.0,8.0
562,MAZDA 3,2.0,4,Man-5,2WD,Gasoline,S2,8TKXV02.0NH1,small car,9.5,24.0,32.0,27.0,8.0
563,MAZDA 3,2.3,4,Auto-S5,2WD,Gasoline,S2,8TKXV02.3NH1,small car,9.5,22.0,29.0,24.0,7.0
564,MAZDA 3,2.3,4,Man-5,2WD,Gasoline,S2,8TKXV02.3NH1,small car,9.5,22.0,29.0,25.0,7.0
565,MAZDA 3,2.3,4,Man-6,2WD,Gasoline,U2,8TKXV02.3NF1,midsize car,7.0,18.0,26.0,20.0,6.0
566,MAZDA 5,2.3,4,Auto-S5,2WD,Gasoline,L2,8TKXV02.35DA,minivan,6.0,21.0,27.0,23.0,7.0
567,MAZDA 5,2.3,4,Man-5,2WD,Gasoline,L2,8TKXV02.35DA,minivan,6.0,22.0,28.0,24.0,7.0
568,MAZDA 6,2.3,4,Auto-S5,2WD,Gasoline,S2,8TKXV02.3NH2,midsize car,9.5,21.0,28.0,24.0,7.0
569,MAZDA 6,3.0,6,Man-5,2WD,Gasoline,U2,8TKXV03.05FA,midsize car,7.0,17.0,25.0,20.0,6.0
570,MAZDA 6,3.0,6,Auto-S6,2WD,Gasoline,U2,8TKXV03.05FA,midsize car,7.0,18.0,25.0,20.0,6.0
571,MAZDA 6,2.3,4,Auto-S5,2WD,Gasoline,L2,8TKXV02.35DB,midsize car,6.0,21.0,28.0,24.0,7.0
572,MAZDA 6,2.3,4,Man-5,2WD,Gasoline,L2,8TKXV02.35DB,midsize car,6.0,21.0,29.0,24.0,7.0
573,MAZDA B2300,2.3,4,Auto-L5,2WD,Gasoline,U2,8FMXT02.31BA,pickup,7.0,19.0,24.0,21.0,6.0
574,MAZDA B2300,2.3,4,Man-5,2WD,Gasoline,U2,8FMXT02.31BA,pickup,7.0,21.0,26.0,23.0,7.0
575,MAZDA B3000,3.0,6,Auto-L5,2WD,Gasoline,U2,8FMXT03.02BB,pickup,7.0,15.0,20.0,17.0,4.0
576,MAZDA B4000,4.0,6,Auto-L5,2WD,Gasoline,L2,8FMXT04.02EG,pickup,6.0,15.0,20.0,17.0,4.0
577,MAZDA B4000,4.0,6,Auto-L5,4WD,Gasoline,L2,8FMXT04.02EG,pickup,6.0,14.0,17.0,15.0,3.0
578,MAZDA B4000,4.0,6,Man-5,4WD,Gasoline,L2,8FMXT04.02EG,pickup,6.0,15.0,19.0,16.0,4.0
579,MAZDA CX-7,2.3,4,Auto-S6,2WD,Gasoline,L2,8TKXT02.35DA,SUV,6.0,17.0,23.0,19.0,5.0
580,MAZDA CX-7,2.3,4,Auto-S6,4WD,Gasoline,L2,8TKXT02.35DA,SUV,6.0,16.0,22.0,18.0,5.0
581,MAZDA CX-9,3.7,6,Auto-S6,2WD,Gasoline,U2,8TKXT03.75FA,SUV,7.0,16.0,22.0,18.0,5.0
582,MAZDA CX-9,3.7,6,Auto-S6,4WD,Gasoline,U2,8TKXT03.75FA,SUV,7.0,15.0,21.0,17.0,4.0
583,MAZDA MX-5,2.0,4,Auto-S6,2WD,Gasoline,U2,8TKXV02.05FA,small car,7.0,20.0,27.0,23.0,7.0
584,MAZDA MX-5,2.0,4,Man-6,2WD,Gasoline,U2,8TKXV02.05FA,small car,7.0,21.0,28.0,24.0,7.0
585,MAZDA MX-5,2.0,4,Man-5,2WD,Gasoline,U2,8TKXV02.05FA,small car,7.0,22.0,27.0,24.0,7.0
586,MAZDA RX-8,1.3,2,Man-6,2WD,Gasoline,L2,8TKXV01.35DA,small car,6.0,16.0,22.0,18.0,5.0
587,MAZDA RX-8,1.3,2,Auto-S6,2WD,Gasoline,L2,8TKXV01.35DA,small car,6.0,16.0,23.0,19.0,5.0
588,MAZDA Tribute,2.3,4,Man-5,2WD,Gasoline,U2,8FMXT02.31EF,SUV,7.0,22.0,28.0,24.0,7.0
589,MAZDA Tribute,2.3,4,Auto-L4,2WD,Gasoline,L2,8FMXT02.31EA,SUV,6.0,20.0,26.0,22.0,6.0
590,MAZDA Tribute,2.3,4,Auto-L4,4WD,Gasoline,L2,8FMXT02.31EA,SUV,6.0,19.0,24.0,21.0,6.0
591,MAZDA Tribute,3.0,6,Auto-L4,2WD,Gasoline,L2,8FMXT03.01EB,SUV,6.0,18.0,24.0,20.0,6.0
592,MAZDA Tribute,3.0,6,Auto-L4,4WD,Gasoline,L2,8FMXT03.02EC,SUV,6.0,17.0,22.0,19.0,5.0
593,MAZDA Tribute Hybrid,2.3,4,Auto-AV,2WD,Gasoline,S2,8FMXT02.32ZE,SUV,9.5,34.0,30.0,32.0,9.0
594,MAZDA Tribute Hybrid,2.3,4,Auto-AV,4WD,Gasoline,S2,8FMXT02.32ZE,SUV,9.5,29.0,27.0,28.0,8.0
595,MERCEDES-BENZ CL550,5.5,8,Auto-L7,2WD,Gasoline,U2,8MBXB05.5U2A,small car,7.0,14.0,21.0,17.0,4.0
596,MERCEDES-BENZ CL600,5.5,12,Auto-L5,2WD,Gasoline,L2,8MBXV06.0L2A,small car,6.0,11.0,17.0,13.0,1.0
597,MERCEDES-BENZ CL63 AMG,6.2,8,Auto-S7,2WD,Gasoline,L2,8MBXB06.3L2A,small car,6.0,11.0,18.0,14.0,2.0
598,MERCEDES-BENZ CL65 AMG,5.5,12,Auto-S5,2WD,Gasoline,L2,8MBXV06.0L2A,small car,6.0,11.0,17.0,13.0,1.0
599,MERCEDES-BENZ CLK63 AMG,6.2,8,Auto-S7,2WD,Gasoline,L2,8MBXB06.3L2A,small car,6.0,12.0,19.0,14.0,2.0
600,MERCEDES-BENZ CLK63 AMG Cabriolet,6.2,8,Auto-S7,2WD,Gasoline,L2,8MBXB06.3L2A,small car,6.0,12.0,18.0,14.0,2.0
601,MERCEDES-BENZ CLS63 AMG,6.2,8,Auto-S7,2WD,Gasoline,L2,8MBXB06.3L2A,small car,6.0,12.0,18.0,14.0,2.0
602,MERCEDES-BENZ E350,3.5,6,Auto-L7,2WD,Gasoline,S2,8MBXV03.5S2A,midsize car,9.5,17.0,24.0,19.0,5.0
603,MERCEDES-BENZ E550 4Matic,5.5,8,Auto-L7,4WD,Gasoline,U2,8MBXB05.5U2A,midsize car,7.0,13.0,19.0,16.0,4.0
604,MERCEDES-BENZ E63 AMG,6.2,8,Auto-S7,2WD,Gasoline,L2,8MBXB06.3L2A,midsize car,6.0,12.0,19.0,15.0,3.0
605,MERCEDES-BENZ E63 AMG Wagon,6.2,8,Auto-S7,2WD,Gasoline,L2,8MBXB06.3L2A,station wagon,6.0,12.0,18.0,14.0,2.0
606,MERCEDES-BENZ G500,5.0,8,Auto-L7,4WD,Gasoline,L2,8MBXT05.5L2A,SUV,6.0,12.0,15.0,13.0,1.0
607,MERCEDES-BENZ G55 AMG,5.4,8,Auto-L5,4WD,Gasoline,L2,8MBXT05.5L2A,SUV,6.0,11.0,13.0,12.0,0.0
608,MERCEDES-BENZ GL450 4Matic,4.6,8,Auto-L7,4WD,Gasoline,U2,8MBXB05.5U2A,SUV,7.0,13.0,18.0,15.0,3.0
609,MERCEDES-BENZ GL550 4Matic,5.5,8,Auto-L7,4WD,Gasoline,U2,8MBXB05.5U2A,SUV,7.0,13.0,17.0,14.0,2.0
610,MERCEDES-BENZ ML350 4Matic,3.5,6,Auto-L7,4WD,Gasoline,U2,8MBXB03.5U2A,SUV,7.0,15.0,20.0,17.0,4.0
611,MERCEDES-BENZ ML550 4Matic,5.5,8,Auto-L7,4WD,Gasoline,U2,8MBXB05.5U2A,SUV,7.0,13.0,18.0,15.0,3.0
612,MERCEDES-BENZ Maybach 57,5.5,12,Auto-L5,2WD,Gasoline,L2,8MBXV06.0L2A,large car,6.0,10.0,16.0,12.0,0.0
613,MERCEDES-BENZ Maybach 57S,6.0,12,Auto-L5,2WD,Gasoline,L2,8MBXV06.0L2A,large car,6.0,10.0,16.0,12.0,0.0
614,MERCEDES-BENZ Maybach 62,5.5,12,Auto-L5,2WD,Gasoline,L2,8MBXV06.0L2A,large car,6.0,10.0,16.0,12.0,0.0
615,MERCEDES-BENZ Maybach 62S,6.0,12,Auto-L5,2WD,Gasoline,L2,8MBXV06.0L2A,large car,6.0,10.0,16.0,12.0,0.0
616,MERCEDES-BENZ R350,3.5,6,Auto-L7,2WD,Gasoline,U2,8MBXB03.5U2A,SUV,7.0,15.0,20.0,17.0,4.0
617,MERCEDES-BENZ R350 4Matic,3.5,6,Auto-L7,4WD,Gasoline,U2,8MBXB03.5U2A,SUV,7.0,15.0,19.0,16.0,4.0
618,MERCEDES-BENZ S550,5.5,8,Auto-L7,2WD,Gasoline,U2,8MBXB05.5U2A,large car,7.0,14.0,21.0,16.0,4.0
619,MERCEDES-BENZ S550 4Matic,5.5,8,Auto-L7,4WD,Gasoline,U2,8MBXB05.5U2A,large car,7.0,14.0,20.0,16.0,4.0
620,MERCEDES-BENZ S600,5.5,12,Auto-L5,2WD,Gasoline,L2,8MBXV06.0L2A,large car,6.0,11.0,17.0,13.0,1.0
621,MERCEDES-BENZ S63 AMG,6.2,8,Auto-S7,2WD,Gasoline,L2,8MBXB06.3L2A,large car,6.0,11.0,17.0,13.0,1.0
622,MERCEDES-BENZ S65 AMG,6.0,12,Auto-S5,2WD,Gasoline,L2,8MBXV06.0L2A,large car,6.0,11.0,17.0,13.0,1.0
623,MERCEDES-BENZ SL55 AMG,5.4,8,Auto-S5,2WD,Gasoline,L2,8MBXV05.5L2A,small car,6.0,12.0,17.0,14.0,2.0
624,MERCEDES-BENZ SL550,5.5,8,Auto-L7,2WD,Gasoline,U2,8MBXB05.5U2A,small car,7.0,14.0,21.0,16.0,4.0
625,MERCEDES-BENZ SL600,5.5,12,Auto-L5,2WD,Gasoline,L2,8MBXV06.0L2A,small car,6.0,11.0,18.0,14.0,2.0
626,MERCEDES-BENZ SL65 AMG,6.0,12,Auto-S5,2WD,Gasoline,L2,8MBXV06.0L2A,small car,6.0,11.0,18.0,14.0,2.0
627,MERCEDES-BENZ SLK55 AMG,5.4,8,Auto-S7,2WD,Gasoline,L2,8MBXV05.5L2A,small car,6.0,14.0,20.0,16.0,4.0
628,MERCEDES-BENZ SLR,5.4,8,Auto-S5,2WD,Gasoline,L2,8MBXV05.5L2A,small car,6.0,12.0,16.0,13.0,1.0
629,MERCURY Mariner,2.3,4,Auto-L4,2WD,Gasoline,L2,8FMXT02.31EA,SUV,6.0,20.0,26.0,22.0,6.0
630,MERCURY Mariner,2.3,4,Auto-L4,4WD,Gasoline,L2,8FMXT02.31EA,SUV,6.0,19.0,24.0,21.0,6.0
631,MERCURY Mariner,3.0,6,Auto-L4,2WD,Gasoline,L2,8FMXT03.01EB,SUV,6.0,18.0,24.0,20.0,6.0
632,MERCURY Mariner,3.0,6,Auto-L4,4WD,Gasoline,L2,8FMXT03.02EC,SUV,6.0,17.0,22.0,19.0,5.0
633,MERCURY Mariner Hybrid,2.3,4,Auto-AV,2WD,Gasoline,S2,8FMXT02.32ZE,SUV,9.5,34.0,30.0,32.0,9.0
634,MERCURY Mariner Hybrid,2.3,4,Auto-AV,4WD,Gasoline,S2,8FMXT02.32ZE,SUV,9.5,29.0,27.0,28.0,8.0
635,MERCURY Milan,2.3,4,Auto-L5,2WD,Gasoline,S2,8FMXV02.3VZT,midsize car,9.5,20.0,28.0,23.0,7.0
636,MERCURY Milan,3.0,6,Auto-L6,4WD,Gasoline,U2,8FMXV03.0VEK,midsize car,7.0,17.0,25.0,20.0,6.0
637,MERCURY Milan,3.0,6,Auto-L6,2WD,Gasoline,U2,8FMXV03.0VEK,midsize car,7.0,18.0,26.0,21.0,6.0
638,MERCURY Mountaineer,4.0,6,Auto-L5,2WD,Gasoline,B4,8FMXT04.03DB,SUV,7.0,14.0,20.0,16.0,4.0
639,MERCURY Mountaineer,4.0,6,Auto-L5,4WD,Gasoline,B4,8FMXT04.03DB,SUV,7.0,13.0,19.0,15.0,3.0
640,MERCURY Mountaineer,4.6,8,Auto-L6,2WD,Gasoline,U2,8FMXT04.63BX,SUV,7.0,13.0,20.0,16.0,4.0
641,MERCURY Mountaineer,4.6,8,Auto-L6,2WD,Gasoline,U2,8FMXT04.63EZ,SUV,7.0,13.0,20.0,16.0,4.0
642,MERCURY Mountaineer,4.6,8,Auto-L6,4WD,Gasoline,U2,8FMXT04.63BX,SUV,7.0,13.0,19.0,15.0,3.0
643,MERCURY Mountaineer,4.6,8,Auto-L6,4WD,Gasoline,U2,8FMXT04.63EZ,SUV,7.0,13.0,19.0,15.0,3.0
644,MERCURY Sable,3.5,6,Auto-L6,4WD,Gasoline,S2,8FMXV03.51ZL,large car,9.5,17.0,24.0,19.0,5.0
645,MERCURY Sable,3.5,6,Auto-L6,2WD,Gasoline,S2,8FMXV03.51ZL,large car,9.5,18.0,28.0,22.0,6.0
646,MINI Mini Cooper Convertible,1.6,4,Auto-AV,2WD,Gasoline,L2,8BMXV01.6R52,small car,6.0,25.0,33.0,28.0,8.0
647,MINI Mini Cooper Convertible,1.6,4,Man-5,2WD,Gasoline,L2,8BMXV01.6R52,small car,6.0,26.0,35.0,29.0,8.0
648,MINI Mini Cooper S Convertible,1.6,4,Auto-S6,2WD,Gasoline,L2,8BMXV01.6R52,small car,6.0,22.0,31.0,26.0,8.0
649,MINI Mini Cooper S Convertible,1.6,4,Man-6,2WD,Gasoline,L2,8BMXV01.6R52,small car,6.0,24.0,31.0,27.0,8.0
650,MITSUBISHI Eclipse,2.4,4,Auto-S4,2WD,Gasoline,U2,8DSXV02.4G4H,small car,7.0,20.0,26.0,22.0,6.0
651,MITSUBISHI Eclipse,2.4,4,Man-5,2WD,Gasoline,U2,8DSXV02.4G4H,small car,7.0,20.0,28.0,23.0,7.0
652,MITSUBISHI Eclipse,3.8,6,Man-6,2WD,Gasoline,L2,8DSXV03.8GRB,small car,6.0,16.0,25.0,19.0,5.0
653,MITSUBISHI Eclipse,3.8,6,Man-6,2WD,Gasoline,L2,8DSXV03.8GRC,small car,6.0,16.0,25.0,19.0,5.0
654,MITSUBISHI Eclipse,3.8,6,Auto-S5,2WD,Gasoline,L2,8DSXV03.8GRB,small car,6.0,17.0,25.0,20.0,6.0
655,MITSUBISHI Eclipse,3.8,6,Auto-S5,2WD,Gasoline,L2,8DSXV03.8GRC,small car,6.0,17.0,25.0,20.0,6.0
656,MITSUBISHI Eclipse Spyder,2.4,4,Auto-S4,2WD,Gasoline,U2,8DSXV02.4G4H,small car,7.0,19.0,26.0,22.0,6.0
657,MITSUBISHI Eclipse Spyder,2.4,4,Man-5,2WD,Gasoline,U2,8DSXV02.4G4H,small car,7.0,19.0,26.0,22.0,6.0
658,MITSUBISHI Eclipse Spyder,3.8,6,Auto-S5,2WD,Gasoline,L2,8DSXV03.8GRB,small car,6.0,16.0,24.0,19.0,5.0
659,MITSUBISHI Eclipse Spyder,3.8,6,Auto-S5,2WD,Gasoline,L2,8DSXV03.8GRC,small car,6.0,16.0,24.0,19.0,5.0
660,MITSUBISHI Eclipse Spyder,3.8,6,Man-6,2WD,Gasoline,L2,8DSXV03.8GRB,small car,6.0,16.0,25.0,19.0,5.0
661,MITSUBISHI Eclipse Spyder,3.8,6,Man-6,2WD,Gasoline,L2,8DSXV03.8GRC,small car,6.0,16.0,25.0,19.0,5.0
662,MITSUBISHI Endeavor,3.8,6,Auto-S4,2WD,Gasoline,L2,8DSXT03.8GRB,SUV,6.0,15.0,22.0,18.0,5.0
663,MITSUBISHI Endeavor,3.8,6,Auto-S4,4WD,Gasoline,L2,8DSXT03.8GRB,SUV,6.0,15.0,19.0,17.0,4.0
664,MITSUBISHI Galant,2.4,4,Auto-S4,2WD,Gasoline,S2,8DSXV02.4G6G,midsize car,9.5,20.0,27.0,23.0,7.0
665,MITSUBISHI Galant,3.8,6,Auto-S5,2WD,Gasoline,L2,8DSXV03.8GRB,midsize car,6.0,17.0,25.0,20.0,6.0
666,MITSUBISHI Galant,3.8,6,Auto-S5,2WD,Gasoline,L2,8DSXV03.8GRC,midsize car,6.0,17.0,25.0,20.0,6.0
667,MITSUBISHI Lancer,2.0,4,Man-5,2WD,Gasoline,S2,8MTXV02.0G6G,small car,9.5,21.0,29.0,24.0,7.0
668,MITSUBISHI Lancer,2.0,4,Auto-AV,2WD,Gasoline,S2,8MTXV02.0G6G,small car,9.5,22.0,29.0,24.0,7.0
669,MITSUBISHI Outlander,3.0,6,Auto-S6,2WD,Gasoline,S2,8MTXT03.0G6G,SUV,9.5,17.0,25.0,20.0,6.0
670,MITSUBISHI Outlander,3.0,6,Auto-S6,4WD,Gasoline,S2,8MTXT03.0G6G,SUV,9.5,17.0,24.0,20.0,6.0
671,MITSUBISHI Outlander,2.4,4,Auto-AV,2WD,Gasoline,L2,8MTXT02.4GRB,SUV,6.0,20.0,25.0,22.0,6.0
672,MITSUBISHI Outlander,2.4,4,Auto-AV,4WD,Gasoline,L2,8MTXT02.4GRB,SUV,6.0,20.0,25.0,22.0,6.0
673,MITSUBISHI Raider,3.7,6,Auto-L4,2WD,Gasoline,U2,8CRXT0226P80,pickup,7.0,15.0,20.0,17.0,4.0
674,MITSUBISHI Raider,3.7,6,Auto-L4,4WD,Gasoline,U2,8CRXT0226P80,pickup,7.0,14.0,18.0,15.0,3.0
675,MITSUBISHI Raider,4.7,8,Auto-L5,2WD,Gasoline,U2,8CRXT0287P80,pickup,7.0,14.0,19.0,15.0,3.0
676,MITSUBISHI Raider,4.7,8,Auto-L5,4WD,Gasoline,U2,8CRXT0287P80,pickup,7.0,14.0,19.0,15.0,3.0
677,MITSUBISHI Raider,3.7,6,Auto-L4,2WD,Gasoline,L2,8CRXT03.7PE0,pickup,6.0,15.0,20.0,17.0,4.0
678,MITSUBISHI Raider,3.7,6,Man-6,2WD,Gasoline,L2,8CRXT03.7PE0,pickup,6.0,16.0,20.0,18.0,5.0
679,MITSUBISHI Raider,3.7,6,Auto-L4,4WD,Gasoline,L2,8CRXT03.7PE0,pickup,6.0,14.0,18.0,15.0,3.0
680,NISSAN 350Z,3.5,6,Auto-S5,2WD,Gasoline,U2,8NSXV03.5GAB,small car,7.0,17.0,24.0,20.0,6.0
681,NISSAN 350Z,3.5,6,Man-6,2WD,Gasoline,U2,8NSXV03.5GAB,small car,7.0,18.0,25.0,20.0,6.0
682,NISSAN 350Z Roadster,3.5,6,Auto-S5,2WD,Gasoline,U2,8NSXV03.5GAB,small car,7.0,17.0,23.0,19.0,5.0
683,NISSAN 350Z Roadster,3.5,6,Man-6,2WD,Gasoline,U2,8NSXV03.5GAB,small car,7.0,17.0,24.0,20.0,6.0
684,NISSAN Altima,2.5,4,Auto-AV,2WD,Gasoline,S2,8NSXV02.585A,midsize car,9.5,23.0,31.0,26.0,8.0
685,NISSAN Altima,2.5,4,Man-6,2WD,Gasoline,S2,8NSXV02.585A,midsize car,9.5,23.0,32.0,26.0,8.0
686,NISSAN Altima,2.5,4,Auto-AV,2WD,Gasoline,S2,8NSXV02.585A,small car,9.5,23.0,31.0,26.0,8.0
687,NISSAN Altima,2.5,4,Man-6,2WD,Gasoline,S2,8NSXV02.585A,small car,9.5,23.0,32.0,26.0,8.0
688,NISSAN Altima,3.5,6,Auto-AV,2WD,Gasoline,U2,8NSXV03.5G7B,midsize car,7.0,19.0,26.0,22.0,6.0
689,NISSAN Altima,3.5,6,Man-6,2WD,Gasoline,U2,8NSXV03.5G7B,midsize car,7.0,19.0,27.0,22.0,6.0
690,NISSAN Altima,3.5,6,Auto-AV,2WD,Gasoline,U2,8NSXV03.5G7B,small car,7.0,19.0,26.0,22.0,6.0
691,NISSAN Altima,3.5,6,Man-6,2WD,Gasoline,U2,8NSXV03.5G7B,small car,7.0,19.0,27.0,22.0,6.0
692,NISSAN Altima,2.5,4,Auto-AV,2WD,Gasoline,L2,8NSXV02.5G5A,midsize car,6.0,23.0,31.0,26.0,8.0
693,NISSAN Altima,2.5,4,Man-6,2WD,Gasoline,L2,8NSXV02.5G5A,midsize car,6.0,23.0,32.0,26.0,8.0
694,NISSAN Altima,2.5,4,Auto-AV,2WD,Gasoline,L2,8NSXV02.5G5A,small car,6.0,23.0,31.0,26.0,8.0
695,NISSAN Altima,2.5,4,Man-6,2WD,Gasoline,L2,8NSXV02.5G5A,small car,6.0,23.0,32.0,26.0,8.0
696,NISSAN Altima Hybrid,2.5,4,Auto-AV,2WD,Gasoline,S2,8NSXV02.5G3A,midsize car,9.5,35.0,33.0,34.0,9.0
697,NISSAN Armada,5.6,8,Auto-L5,2WD,Gasoline,L2,8NSXT05.6G9A,SUV,6.0,12.0,18.0,14.0,2.0
698,NISSAN Armada,5.6,8,Auto-L5,4WD,Gasoline,L2,8NSXT05.6G9A,SUV,6.0,12.0,17.0,14.0,2.0
699,NISSAN Frontier,2.5,4,Auto-L5,2WD,Gasoline,U2,8NSXT02.5G5A,pickup,7.0,17.0,22.0,19.0,5.0
700,NISSAN Frontier,2.5,4,Man-5,2WD,Gasoline,U2,8NSXT02.5G5A,pickup,7.0,19.0,23.0,21.0,6.0
701,NISSAN Frontier,4.0,6,Auto-L5,2WD,Gasoline,U2,8NSXT04.0G6A,pickup,7.0,15.0,20.0,17.0,4.0
702,NISSAN Frontier,4.0,6,Man-6,2WD,Gasoline,U2,8NSXT04.0G6A,pickup,7.0,16.0,20.0,17.0,4.0
703,NISSAN Frontier,4.0,6,Auto-L5,4WD,Gasoline,U2,8NSXT04.0G6A,pickup,7.0,14.0,19.0,16.0,4.0
704,NISSAN Frontier,4.0,6,Man-6,4WD,Gasoline,U2,8NSXT04.0G6A,pickup,7.0,15.0,19.0,17.0,4.0
705,NISSAN Maxima,3.5,6,Auto-AV,2WD,Gasoline,U2,8NSXV03.5G7A,midsize car,7.0,19.0,25.0,21.0,6.0
706,NISSAN Pathfinder,4.0,6,Auto-L5,2WD,Gasoline,U2,8NSXT04.0G6A,SUV,7.0,15.0,22.0,17.0,4.0
707,NISSAN Pathfinder,4.0,6,Auto-L5,4WD,Gasoline,U2,8NSXT04.0G6A,SUV,7.0,14.0,20.0,16.0,4.0
708,NISSAN Pathfinder,5.6,8,Auto-S5,2WD,Gasoline,L2,8NSXT05.6G9A,SUV,6.0,13.0,18.0,15.0,3.0
709,NISSAN Pathfinder,5.6,8,Auto-S5,4WD,Gasoline,L2,8NSXT05.6G9A,SUV,6.0,12.0,18.0,14.0,2.0
710,NISSAN Quest,3.5,6,Auto-L5,2WD,Gasoline,U2,8NSXT03.5G7C,minivan,7.0,16.0,24.0,19.0,5.0
711,NISSAN Rogue,2.5,4,Auto-AV,2WD,Gasoline,S2,8NSXT02.585A,SUV,9.0,22.0,27.0,24.0,7.0
712,NISSAN Rogue,2.5,4,Auto-AV,4WD,Gasoline,S2,8NSXT02.585A,SUV,9.0,21.0,26.0,23.0,7.0
713,NISSAN Rogue,2.5,4,Auto-AV,2WD,Gasoline,L2,8NSXT02.5G5B,SUV,6.0,22.0,27.0,24.0,7.0
714,NISSAN Rogue,2.5,4,Auto-AV,4WD,Gasoline,L2,8NSXT02.5G5B,SUV,6.0,21.0,26.0,23.0,7.0
715,NISSAN Sentra,2.0,4,Man-6,2WD,Gasoline,U2,8NSXV02.0G2A,midsize car,7.0,24.0,31.0,27.0,8.0
716,NISSAN Sentra,2.0,4,Auto-AV,2WD,Gasoline,U2,8NSXV02.0G2A,midsize car,7.0,25.0,33.0,28.0,8.0
717,NISSAN Sentra,2.5,4,Man-6,2WD,Gasoline,L2,8NSXV02.5G5B,midsize car,6.0,21.0,29.0,24.0,7.0
718,NISSAN Sentra,2.5,4,Auto-AV,2WD,Gasoline,L2,8NSXV02.5G5B,midsize car,6.0,24.0,30.0,26.0,8.0
719,NISSAN Titan,5.6,8,Auto-L5,2WD,Gasoline,L2,8NSXT05.6G9A,pickup,6.0,12.0,17.0,14.0,2.0
720,NISSAN Titan,5.6,8,Auto-L5,4WD,Gasoline,L2,8NSXT05.6G9A,pickup,6.0,12.0,17.0,14.0,2.0
721,NISSAN Versa,1.8,4,Auto-L4,2WD,Gasoline,U2,8NSXV01.8G1A,midsize car,7.0,24.0,32.0,27.0,8.0
722,NISSAN Versa,1.8,4,Man-6,2WD,Gasoline,U2,8NSXV01.8G1A,midsize car,7.0,26.0,31.0,28.0,8.0
723,NISSAN Versa,1.8,4,Auto-AV,2WD,Gasoline,U2,8NSXV01.8G1A,midsize car,7.0,27.0,33.0,29.0,8.0
724,NISSAN Xterra,4.0,6,Auto-L5,2WD,Gasoline,U2,8NSXT04.0G6A,SUV,7.0,15.0,20.0,17.0,4.0
725,NISSAN Xterra,4.0,6,Man-6,2WD,Gasoline,U2,8NSXT04.0G6A,SUV,7.0,16.0,20.0,17.0,4.0
726,NISSAN Xterra,4.0,6,Auto-L5,4WD,Gasoline,U2,8NSXT04.0G6A,SUV,7.0,14.0,20.0,16.0,4.0
727,NISSAN Xterra,4.0,6,Man-6,4WD,Gasoline,U2,8NSXT04.0G6A,SUV,7.0,16.0,20.0,17.0,4.0
728,PONTIAC G5,2.2,4,Auto-L4,2WD,Gasoline,SLEV,8GMXV02.2030,small car,9.5,22.0,31.0,26.0,8.0
729,PONTIAC G5,2.2,4,Man-5,2WD,Gasoline,SLEV,8GMXV02.2030,small car,9.5,24.0,33.0,27.0,8.0
730,PONTIAC G5,2.2,4,Auto-L4,2WD,Gasoline,L2,8GMXV02.4025,small car,6.0,22.0,31.0,26.0,8.0
731,PONTIAC G5,2.2,4,Man-5,2WD,Gasoline,L2,8GMXV02.4025,small car,6.0,24.0,33.0,27.0,8.0
732,PONTIAC G5,2.4,4,Auto-L4,2WD,Gasoline,L2,8GMXV02.4025,small car,6.0,22.0,31.0,25.0,7.0
733,PONTIAC G5,2.4,4,Man-5,2WD,Gasoline,L2,8GMXV02.4025,small car,6.0,22.0,32.0,26.0,8.0
734,PONTIAC G6,3.5,6,Auto-S4,2WD,Gasoline,U2,8GMXV03.5043,small car,7.0,17.0,26.0,20.0,6.0
735,PONTIAC G6,3.5,6,Auto-L4,2WD,Gasoline,U2,8GMXV03.5043,small car,7.0,18.0,29.0,22.0,6.0
736,PONTIAC G6,2.4,4,Auto-L4,2WD,Gasoline,L2,8GMXV02.4027,small car,6.0,22.0,30.0,25.0,7.0
737,PONTIAC G6,3.5,6,Auto-S4,2WD,Gasoline,L2,8GMXB03.9142,small car,6.0,17.0,26.0,20.0,6.0
738,PONTIAC G6,3.6,6,Auto-S6,2WD,Gasoline,L2,8GMXB03.6148,small car,6.0,17.0,26.0,20.0,6.0
739,PONTIAC G6,3.9,6,Auto-S4,2WD,Gasoline,L2,8GMXB03.9142,small car,6.0,15.0,22.0,18.0,5.0
740,PONTIAC G8,6.0,8,Auto-S6,2WD,Gasoline,L2,8GMXV06.0082,large car,6.0,15.0,24.0,18.0,5.0
741,PONTIAC Grand Prix,3.8,6,Auto-L4,2WD,Gasoline,SLEV,8GMXV03.8044,midsize car,9.5,18.0,28.0,21.0,6.0
742,PONTIAC Grand Prix,5.3,8,Auto-S4,2WD,Gasoline,L2,8GMXV05.3084,midsize car,6.0,16.0,25.0,19.0,5.0
743,PONTIAC Pursuit,2.2,4,Auto-L4,2WD,Gasoline,SLEV,8GMXV02.2030,small car,9.5,22.0,31.0,26.0,8.0
744,PONTIAC Pursuit,2.2,4,Man-5,2WD,Gasoline,SLEV,8GMXV02.2030,small car,9.5,24.0,33.0,27.0,8.0
745,PONTIAC Pursuit,2.2,4,Auto-L4,2WD,Gasoline,L2,8GMXV02.4025,small car,6.0,22.0,31.0,26.0,8.0
746,PONTIAC Pursuit,2.2,4,Man-5,2WD,Gasoline,L2,8GMXV02.4025,small car,6.0,24.0,33.0,27.0,8.0
747,PONTIAC Pursuit,2.4,4,Auto-L4,2WD,Gasoline,L2,8GMXV02.4025,small car,6.0,22.0,31.0,25.0,7.0
748,PONTIAC Pursuit,2.4,4,Man-5,2WD,Gasoline,L2,8GMXV02.4025,small car,6.0,22.0,32.0,26.0,8.0
749,PONTIAC Solstice,2.0,4,Auto-L5,2WD,Gasoline,L2,8GMXV02.0020,small car,6.0,19.0,26.0,21.0,6.0
750,PONTIAC Solstice,2.0,4,Man-5,2WD,Gasoline,L2,8GMXV02.0020,small car,6.0,19.0,28.0,22.0,6.0
751,PONTIAC Solstice,2.4,4,Auto-L5,2WD,Gasoline,L2,8GMXV02.4031,small car,6.0,19.0,24.0,21.0,6.0
752,PONTIAC Solstice,2.4,4,Man-5,2WD,Gasoline,L2,8GMXV02.4031,small car,6.0,19.0,25.0,21.0,6.0
753,PONTIAC Torrent,3.4,6,Auto-L5,2WD,Gasoline,U2,8GMXB03.8146,SUV,7.0,17.0,24.0,19.0,5.0
754,PONTIAC Torrent,3.4,6,Auto-L5,4WD,Gasoline,U2,8GMXB03.8146,SUV,7.0,17.0,24.0,19.0,5.0
755,PONTIAC Torrent,3.6,6,Auto-S6,2WD,Gasoline,L2,8GMXB03.6148,SUV,6.0,16.0,24.0,19.0,5.0
756,PONTIAC Torrent,3.6,6,Auto-S6,4WD,Gasoline,L2,8GMXB03.6148,SUV,6.0,16.0,24.0,19.0,5.0
757,PONTIAC Vibe,1.8,4,Auto-L4,2WD,Gasoline,U2,8NTXV01.8BEA,station wagon,7.0,25.0,31.0,27.0,8.0
758,PONTIAC Vibe,1.8,4,Man-5,2WD,Gasoline,U2,8NTXV01.8BEA,station wagon,7.0,26.0,33.0,29.0,8.0
759,PORSCHE 911 GT2,3.6,6,Man-6,2WD,Gasoline,L2,8PRXV03.6T97,small car,6.0,16.0,23.0,19.0,5.0
760,PORSCHE 911 GT3,3.6,6,Man-6,2WD,Gasoline,L2,8PRXV03.6GT3,small car,6.0,15.0,22.0,18.0,5.0
761,PORSCHE 911 GT3 RS,3.6,6,Man-6,2WD,Gasoline,L2,8PRXV03.6GT3,small car,6.0,15.0,22.0,18.0,5.0
762,PORSCHE 911 Turbo,3.6,6,Auto-L5,4WD,Gasoline,L2,8PRXV03.6T97,small car,6.0,15.0,23.0,18.0,5.0
763,PORSCHE 911 Turbo,3.6,6,Man-6,4WD,Gasoline,L2,8PRXV03.6T97,small car,6.0,16.0,23.0,18.0,5.0
764,PORSCHE 911 Turbo Cabriolet,3.6,6,Auto-L5,4WD,Gasoline,L2,8PRXV03.6T97,small car,6.0,15.0,23.0,18.0,5.0
765,PORSCHE 911 Turbo Cabriolet,3.6,6,Man-6,4WD,Gasoline,L2,8PRXV03.6T97,small car,6.0,15.0,24.0,18.0,5.0
766,PORSCHE Boxster,2.7,6,Auto-L5,2WD,Gasoline,U2,8PRXV03.4C87,small car,7.0,19.0,26.0,21.0,6.0
767,PORSCHE Boxster,2.7,6,Man-6,2WD,Gasoline,U2,8PRXV03.4C87,small car,7.0,19.0,28.0,22.0,6.0
768,PORSCHE Boxster,2.7,6,Man-5,2WD,Gasoline,U2,8PRXV03.4C87,small car,7.0,20.0,29.0,23.0,7.0
769,PORSCHE Boxster S,3.4,6,Auto-L5,2WD,Gasoline,U2,8PRXV03.4C87,small car,7.0,18.0,25.0,21.0,6.0
770,PORSCHE Boxster S,3.4,6,Man-6,2WD,Gasoline,U2,8PRXV03.4C87,small car,7.0,18.0,26.0,21.0,6.0
771,PORSCHE Carrera Cabriolet,3.6,6,Auto-L5,4WD,Gasoline,L2,8PRXV03.8997,small car,6.0,17.0,24.0,19.0,5.0
772,PORSCHE Carrera Cabriolet,3.6,6,Man-6,4WD,Gasoline,L2,8PRXV03.8997,small car,6.0,17.0,25.0,20.0,6.0
773,PORSCHE Carrera Cabriolet,3.6,6,Auto-L5,2WD,Gasoline,L2,8PRXV03.8997,small car,6.0,18.0,24.0,20.0,6.0
774,PORSCHE Carrera Cabriolet,3.6,6,Man-6,2WD,Gasoline,L2,8PRXV03.8997,small car,6.0,18.0,26.0,21.0,6.0
775,PORSCHE Carrera Coupe,3.6,6,Auto-L5,4WD,Gasoline,L2,8PRXV03.8997,small car,6.0,17.0,24.0,19.0,5.0
776,PORSCHE Carrera Coupe,3.6,6,Man-6,4WD,Gasoline,L2,8PRXV03.8997,small car,6.0,17.0,25.0,20.0,6.0
777,PORSCHE Carrera Coupe,3.6,6,Auto-L5,2WD,Gasoline,L2,8PRXV03.8997,small car,6.0,18.0,24.0,20.0,6.0
778,PORSCHE Carrera Coupe,3.6,6,Man-6,2WD,Gasoline,L2,8PRXV03.8997,small car,6.0,18.0,26.0,21.0,6.0
779,PORSCHE Carrera Targa,3.6,6,Auto-L5,4WD,Gasoline,L2,8PRXV03.8997,small car,6.0,17.0,24.0,19.0,5.0
780,PORSCHE Carrera Targa,3.6,6,Man-6,4WD,Gasoline,L2,8PRXV03.8997,small car,6.0,17.0,25.0,20.0,6.0
781,PORSCHE Cayenne,3.6,6,Man-6,4WD,Gasoline,L2,8PRXT03.66ED,SUV,6.0,14.0,20.0,16.0,4.0
782,PORSCHE Cayenne,3.6,6,Auto-L6,4WD,Gasoline,L2,8PRXT03.66ED,SUV,6.0,14.0,20.0,16.0,4.0
783,PORSCHE Cayenne S,4.8,8,Auto-L6,4WD,Gasoline,U2,8PRXT04.8SED,SUV,7.0,13.0,19.0,15.0,3.0
784,PORSCHE Cayenne Turbo,4.8,8,Auto-L6,4WD,Gasoline,L2,8PRXT04.8TED,SUV,6.0,12.0,19.0,14.0,2.0
785,PORSCHE Cayman,2.7,6,Auto-L5,2WD,Gasoline,U2,8PRXV03.4C87,small car,7.0,19.0,26.0,21.0,6.0
786,PORSCHE Cayman,2.7,6,Man-6,2WD,Gasoline,U2,8PRXV03.4C87,small car,7.0,19.0,28.0,22.0,6.0
787,PORSCHE Cayman,2.7,6,Man-5,2WD,Gasoline,U2,8PRXV03.4C87,small car,7.0,20.0,29.0,23.0,7.0
788,PORSCHE Cayman S,3.4,6,Auto-L5,2WD,Gasoline,U2,8PRXV03.4C87,small car,7.0,18.0,25.0,21.0,6.0
789,PORSCHE Cayman S,3.4,6,Man-6,2WD,Gasoline,U2,8PRXV03.4C87,small car,7.0,18.0,26.0,21.0,6.0
790,ROLLS-ROYCE Phantom,6.7,12,Auto-S6,2WD,Gasoline,L2,8RRGV06.7LE2,midsize car,6.0,13.0,19.0,15.0,3.0
791,ROLLS-ROYCE Phantom,6.7,12,Auto-S6,2WD,Gasoline,L2,8RRGV06.7LE2,small car,6.0,13.0,19.0,15.0,3.0
792,ROUSH Stage 3 F150,5.4,8,Auto-L4,2WD,Gasoline,B4,8RIIT05.4RI7,pickup,7.0,11.0,15.0,13.0,1.0
793,ROUSH Stage 3 F150,5.4,8,Auto-L4,4WD,Gasoline,B4,8RIIT05.4RI7,pickup,7.0,11.0,15.0,13.0,1.0
794,ROUSH Stage 3 Mustang,4.6,8,Auto-L5,2WD,Gasoline,U2,8RIIV04.6VBB,small car,7.0,14.0,20.0,16.0,4.0
795,ROUSH Stage 3 Mustang,4.6,8,Man-5,2WD,Gasoline,U2,8RIIV04.6VBB,small car,7.0,15.0,20.0,17.0,4.0
796,SAAB 9-3 Convertible,2.0,4,Auto-S5,2WD,Gasoline,L2,8GMXV02.3001,small car,6.0,18.0,24.0,20.0,6.0
797,SAAB 9-3 Convertible,2.0,4,Man-6,2WD,Gasoline,L2,8GMXV02.3001,small car,6.0,18.0,27.0,22.0,6.0
798,SAAB 9-3 Convertible,2.8,6,Auto-S6,2WD,Gasoline,L2,8GMXV02.8004,small car,6.0,15.0,24.0,18.0,5.0
799,SAAB 9-3 Convertible,2.8,6,Man-6,2WD,Gasoline,L2,8GMXV02.8004,small car,6.0,16.0,26.0,19.0,5.0
800,SAAB 9-3 Sport Sedan,2.0,4,Auto-S5,2WD,Gasoline,L2,8GMXV02.3001,small car,6.0,19.0,26.0,21.0,6.0
801,SAAB 9-3 Sport Sedan,2.0,4,Man-6,2WD,Gasoline,L2,8GMXV02.3001,small car,6.0,19.0,29.0,23.0,7.0
802,SAAB 9-3 Sport Sedan,2.8,6,Auto-S6,2WD,Gasoline,L2,8GMXV02.8004,small car,6.0,15.0,24.0,18.0,5.0
803,SAAB 9-3 Sport Sedan,2.8,6,Man-6,2WD,Gasoline,L2,8GMXV02.8004,small car,6.0,16.0,26.0,19.0,5.0
804,SAAB 9-3 Sportcombi,2.0,4,Auto-S5,2WD,Gasoline,L2,8GMXV02.3001,station wagon,6.0,18.0,24.0,20.0,6.0
805,SAAB 9-3 Sportcombi,2.0,4,Man-6,2WD,Gasoline,L2,8GMXV02.3001,station wagon,6.0,19.0,29.0,23.0,7.0
806,SAAB 9-3 Sportcombi,2.8,6,Auto-S6,2WD,Gasoline,L2,8GMXV02.8004,station wagon,6.0,15.0,24.0,18.0,5.0
807,SAAB 9-3 Sportcombi,2.8,6,Man-6,2WD,Gasoline,L2,8GMXV02.8004,station wagon,6.0,16.0,26.0,19.0,5.0
808,SAAB 9-5,2.3,4,Auto-S5,2WD,Gasoline,L2,8GMXV02.3001,midsize car,6.0,17.0,26.0,20.0,6.0
809,SAAB 9-5,2.3,4,Man-5,2WD,Gasoline,L2,8GMXV02.3001,midsize car,6.0,18.0,28.0,21.0,6.0
810,SAAB 9-5 Sportcombi,2.3,4,Auto-S5,2WD,Gasoline,L2,8GMXV02.3001,station wagon,6.0,17.0,26.0,20.0,6.0
811,SAAB 9-5 Sportcombi,2.3,4,Man-5,2WD,Gasoline,L2,8GMXV02.3001,station wagon,6.0,18.0,28.0,21.0,6.0
812,SAAB 9-7X,5.3,8,Auto-L4,4WD,Gasoline,L2,8GMXT06.0387,SUV,6.0,13.0,19.0,16.0,4.0
813,SAAB 9-7X,6.0,8,Auto-L4,4WD,Gasoline,L2,8GMXT06.0387,SUV,6.0,12.0,16.0,13.0,1.0
814,SALEEN S281,5.0,8,Man-6,2WD,Gasoline,L2,8S3XV05.0JDC,small car,6.0,12.0,18.0,14.0,2.0
815,SALEEN S281,5.0,8,Man-6,2WD,Gasoline,L2,8S3XV05.0JDC,small car,6.0,12.0,18.0,14.0,2.0
816,SATURN Aura,3.5,6,Auto-L4,2WD,Gasoline,U2,8GMXV03.5043,midsize car,7.0,18.0,29.0,22.0,6.0
817,SATURN Aura,2.4,4,Auto-L4,2WD,Gasoline,L2,8GMXV02.4027,midsize car,6.0,22.0,30.0,25.0,7.0
818,SATURN Aura,3.6,6,Auto-S6,2WD,Gasoline,L2,8GMXB03.6148,midsize car,6.0,17.0,26.0,20.0,6.0
819,SATURN Aura Hybrid,2.4,4,Auto-L4,2WD,Gasoline,L2,8GMXV02.4040,midsize car,6.0,24.0,32.0,27.0,8.0
820,SATURN Outlook,3.6,6,Auto-L6,2WD,Gasoline,L2,8GMXT03.6151,SUV,6.0,16.0,24.0,19.0,5.0
821,SATURN Outlook,3.6,6,Auto-L6,4WD,Gasoline,L2,8GMXT03.6151,SUV,6.0,16.0,22.0,18.0,5.0
822,SATURN Sky,2.0,4,Auto-L5,2WD,Gasoline,L2,8GMXV02.0020,small car,6.0,19.0,26.0,21.0,6.0
823,SATURN Sky,2.0,4,Man-5,2WD,Gasoline,L2,8GMXV02.0020,small car,6.0,19.0,28.0,22.0,6.0
824,SATURN Sky,2.4,4,Auto-L5,2WD,Gasoline,L2,8GMXV02.4031,small car,6.0,19.0,24.0,21.0,6.0
825,SATURN Sky,2.4,4,Man-5,2WD,Gasoline,L2,8GMXV02.4031,small car,6.0,19.0,25.0,21.0,6.0
826,SATURN Vue,3.5,6,Auto-L6,4WD,Gasoline,L2,8GMXB03.9142,SUV,6.0,15.0,22.0,17.0,4.0
827,SATURN Vue,3.6,6,Auto-L6,2WD,Gasoline,L2,8GMXT03.6151,SUV,6.0,16.0,23.0,19.0,5.0
828,SATURN Vue,3.6,6,Auto-S6,2WD,Gasoline,L2,8GMXT03.6151,SUV,6.0,16.0,24.0,19.0,5.0
829,SATURN Vue,3.6,6,Auto-L6,4WD,Gasoline,L2,8GMXT03.6151,SUV,6.0,16.0,22.0,18.0,5.0
830,SATURN Vue,3.6,6,Auto-S6,4WD,Gasoline,L2,8GMXT03.6151,SUV,6.0,16.0,22.0,18.0,5.0
831,SHELBY Mustang GT,4.6,8,Man-5,2WD,Gasoline,L2,8SLBV04.600F,small car,6.0,15.0,22.0,17.0,4.0
832,SUBARU Forester,2.5,4,Auto-L4,4WD,Gasoline,S2,8FJXB02.5NVD,SUV,9.5,20.0,26.0,22.0,6.0
833,SUBARU Forester,2.5,4,Man-5,4WD,Gasoline,S2,8FJXB02.5NVD,SUV,9.5,20.0,27.0,22.0,6.0
834,SUBARU Forester,2.5,4,Auto-L4,4WD,Gasoline,L2,8FJXV02.5PRA,SUV,6.0,18.0,23.0,20.0,6.0
835,SUBARU Forester,2.5,4,Man-5,4WD,Gasoline,L2,8FJXV02.5PRA,SUV,6.0,19.0,25.0,21.0,6.0
836,SUBARU Forester,2.5,4,Auto-L4,4WD,Gasoline,L2,8FJXV02.5MTC,SUV,6.0,20.0,26.0,22.0,6.0
837,SUBARU Forester,2.5,4,Man-5,4WD,Gasoline,L2,8FJXV02.5MTC,SUV,6.0,20.0,27.0,22.0,6.0
838,SUBARU Impreza,2.5,4,Man-5,4WD,Gasoline,L2,8FJXB02.5PYH,small car,6.0,19.0,25.0,21.0,6.0
839,SUBARU Impreza,2.5,4,Auto-S4,4WD,Gasoline,L2,8FJXB02.5PYH,small car,6.0,20.0,25.0,22.0,6.0
840,SUBARU Impreza,2.5,4,Man-5,4WD,Gasoline,L2,8FJXB02.5MXG,small car,6.0,20.0,27.0,22.0,6.0
841,SUBARU Impreza,2.5,4,Auto-S4,4WD,Gasoline,L2,8FJXB02.5MXG,small car,6.0,20.0,27.0,22.0,6.0
842,SUBARU Impreza Wagon,2.5,4,Man-6,4WD,Gasoline,L2,8FJXB02.5PYH,station wagon,6.0,17.0,23.0,19.0,5.0
843,SUBARU Impreza Wagon,2.5,4,Man-5,4WD,Gasoline,L2,8FJXB02.5PYH,station wagon,6.0,19.0,25.0,21.0,6.0
844,SUBARU Impreza Wagon,2.5,4,Auto-S4,4WD,Gasoline,L2,8FJXB02.5PYH,station wagon,6.0,20.0,25.0,22.0,6.0
845,SUBARU Impreza Wagon,2.5,4,Man-5,4WD,Gasoline,L2,8FJXB02.5MXG,station wagon,6.0,20.0,27.0,22.0,6.0
846,SUBARU Impreza Wagon,2.5,4,Auto-S4,4WD,Gasoline,L2,8FJXB02.5MXG,station wagon,6.0,20.0,27.0,22.0,6.0
847,SUBARU Legacy,2.5,4,Man-5,4WD,Gasoline,S2,8FJXB02.5NVD,small car,9.5,20.0,27.0,22.0,6.0
848,SUBARU Legacy,2.5,4,Auto-S4,4WD,Gasoline,S2,8FJXB02.5NVD,small car,9.5,20.0,27.0,22.0,6.0
849,SUBARU Legacy,2.5,4,Man-6,4WD,Gasoline,L2,8FJXB02.5PYH,small car,6.0,17.0,24.0,20.0,6.0
850,SUBARU Legacy,2.5,4,Auto-S5,4WD,Gasoline,L2,8FJXB02.5PYH,small car,6.0,18.0,24.0,20.0,6.0
851,SUBARU Legacy,2.5,4,Man-5,4WD,Gasoline,L2,8FJXB02.5PYH,small car,6.0,19.0,25.0,21.0,6.0
852,SUBARU Legacy,2.5,4,Man-5,4WD,Gasoline,L2,8FJXB02.5MXG,small car,6.0,20.0,27.0,22.0,6.0
853,SUBARU Legacy,2.5,4,Auto-S4,4WD,Gasoline,L2,8FJXB02.5MXG,small car,6.0,20.0,27.0,22.0,6.0
854,SUBARU Legacy,3.0,6,Auto-S5,4WD,Gasoline,L2,8FJXB03.6TSF,small car,6.0,17.0,24.0,20.0,6.0
855,SUBARU Outback Sport,2.5,4,Man-6,4WD,Gasoline,L2,8FJXB02.5PYH,station wagon,6.0,17.0,23.0,19.0,5.0
856,SUBARU Outback Sport,2.5,4,Man-5,4WD,Gasoline,L2,8FJXB02.5PYH,station wagon,6.0,19.0,25.0,21.0,6.0
857,SUBARU Outback Sport,2.5,4,Auto-S4,4WD,Gasoline,L2,8FJXB02.5PYH,station wagon,6.0,20.0,25.0,22.0,6.0
858,SUBARU Outback Sport,2.5,4,Man-5,4WD,Gasoline,L2,8FJXB02.5MXG,station wagon,6.0,20.0,27.0,22.0,6.0
859,SUBARU Outback Sport,2.5,4,Auto-S4,4WD,Gasoline,L2,8FJXB02.5MXG,station wagon,6.0,20.0,27.0,22.0,6.0
860,SUBARU Outback Wagon,2.5,4,Man-5,4WD,Gasoline,S2,8FJXB02.5NVD,SUV,9.5,19.0,26.0,22.0,6.0
861,SUBARU Outback Wagon,2.5,4,Auto-S4,4WD,Gasoline,S2,8FJXB02.5NVD,SUV,9.5,20.0,26.0,22.0,6.0
862,SUBARU Outback Wagon,2.5,4,Auto-S5,4WD,Gasoline,L2,8FJXB02.5PYH,SUV,6.0,18.0,24.0,20.0,6.0
863,SUBARU Outback Wagon,2.5,4,Man-5,4WD,Gasoline,L2,8FJXB02.5PYH,SUV,6.0,18.0,24.0,20.0,6.0
864,SUBARU Outback Wagon,2.5,4,Man-5,4WD,Gasoline,L2,8FJXB02.5MXG,SUV,6.0,19.0,26.0,22.0,6.0
865,SUBARU Outback Wagon,2.5,4,Auto-S4,4WD,Gasoline,L2,8FJXB02.5MXG,SUV,6.0,20.0,26.0,22.0,6.0
866,SUBARU Outback Wagon,3.0,6,Auto-S5,4WD,Gasoline,L2,8FJXB03.6TSF,SUV,6.0,17.0,24.0,20.0,6.0
867,SUBARU Tribeca,3.6,6,Auto-S5,4WD,Gasoline,L2,8FJXB03.6TSF,SUV,6.0,16.0,21.0,18.0,5.0
868,SUZUKI Grand Vitara,2.7,6,Man-5,2WD,Gasoline,L2,8SKXT2.745E1,SUV,6.0,16.0,22.0,18.0,5.0
869,SUZUKI Grand Vitara,2.7,6,Auto-L5,2WD,Gasoline,L2,8SKXT2.745E1,SUV,6.0,17.0,22.0,19.0,5.0
870,SUZUKI Grand Vitara,2.7,6,Man-5,4WD,Gasoline,L2,8SKXT2.745E1,SUV,6.0,16.0,21.0,18.0,5.0
871,SUZUKI Grand Vitara,2.7,6,Auto-L5,4WD,Gasoline,L2,8SKXT2.745E1,SUV,6.0,17.0,21.0,19.0,5.0
872,SUZUKI SX4,2.0,4,Man-5,2WD,Gasoline,L2,8SKXV1.995D1,small car,6.0,22.0,30.0,25.0,7.0
873,SUZUKI SX4,2.0,4,Auto-L4,2WD,Gasoline,L2,8SKXV1.995D1,small car,6.0,23.0,31.0,26.0,8.0
874,SUZUKI SX4,2.0,4,Man-5,4WD,Gasoline,L2,8SKXV1.995D1,station wagon,6.0,21.0,28.0,24.0,7.0
875,SUZUKI SX4,2.0,4,Auto-L4,4WD,Gasoline,L2,8SKXV1.995D1,station wagon,6.0,21.0,28.0,24.0,7.0
876,SUZUKI SX4,2.0,4,Man-5,2WD,Gasoline,L2,8SKXV1.995D1,station wagon,6.0,22.0,30.0,25.0,7.0
877,SUZUKI SX4,2.0,4,Auto-L4,2WD,Gasoline,L2,8SKXV1.995D1,station wagon,6.0,22.0,30.0,25.0,7.0
878,TOYOTA 4Runner,4.7,8,Auto-L5,2WD,Gasoline,U2,8TYXT04.7BEM,SUV,7.0,15.0,19.0,17.0,4.0
879,TOYOTA 4Runner,4.7,8,Auto-L5,4WD,Gasoline,U2,8TYXT04.7BES,SUV,7.0,14.0,17.0,15.0,3.0
880,TOYOTA 4Runner,4.0,6,Auto-L5,2WD,Gasoline,L2,8TYXT04.0AEM,SUV,6.0,16.0,21.0,18.0,5.0
881,TOYOTA 4Runner,4.0,6,Auto-L5,4WD,Gasoline,L2,8TYXT04.0AEM,SUV,6.0,16.0,20.0,17.0,4.0
882,TOYOTA Avalon,3.5,6,Auto-S6,2WD,Gasoline,U2,8TYXV03.5BEA,large car,7.0,19.0,28.0,22.0,6.0
883,TOYOTA Camry,2.4,4,Auto-L5,2WD,Gasoline,S2,8TYXV02.4HX2,midsize car,9.5,21.0,31.0,25.0,7.0
884,TOYOTA Camry,2.4,4,Man-5,2WD,Gasoline,U2,8TYXV02.4BEA,midsize car,7.0,21.0,31.0,25.0,7.0
885,TOYOTA Camry,2.4,4,Auto-L5,2WD,Gasoline,U2,8TYXV02.4BEA,midsize car,7.0,21.0,31.0,25.0,7.0
886,TOYOTA Camry,3.5,6,Auto-S6,2WD,Gasoline,U2,8TYXV03.5BEA,midsize car,7.0,19.0,28.0,22.0,6.0
887,TOYOTA Camry Hybrid,2.4,4,Auto-AV,2WD,Gasoline,S2,8TYXV02.4HC3,midsize car,9.5,33.0,34.0,34.0,9.0
888,TOYOTA Corolla,1.8,4,Auto-L4,2WD,Gasoline,U2,8TYXV01.8BEA,small car,7.0,26.0,35.0,29.0,8.0
889,TOYOTA Corolla,1.8,4,Man-5,2WD,Gasoline,U2,8TYXV01.8BEA,small car,7.0,28.0,37.0,31.0,9.0
890,TOYOTA FJ Cruiser,4.0,6,Auto-L5,2WD,Gasoline,L2,8TYXT04.0AEM,SUV,6.0,16.0,20.0,18.0,5.0
891,TOYOTA FJ Cruiser,4.0,6,Man-6,4WD,Gasoline,L2,8TYXT04.0AEM,SUV,6.0,15.0,18.0,16.0,4.0
892,TOYOTA FJ Cruiser,4.0,6,Auto-L5,4WD,Gasoline,L2,8TYXT04.0AEM,SUV,6.0,16.0,20.0,17.0,4.0
893,TOYOTA Highlander,3.5,6,Auto-S5,2WD,Gasoline,U2,8TYXT03.5BEM,SUV,7.0,18.0,24.0,20.0,6.0
894,TOYOTA Highlander,3.5,6,Auto-S5,4WD,Gasoline,U2,8TYXT03.5BEM,SUV,7.0,17.0,23.0,19.0,5.0
895,TOYOTA Highlander Hybrid,3.3,6,Auto-AV,4WD,Gasoline,S2,8TYXT03.3CC4,SUV,9.0,27.0,25.0,26.0,8.0
896,TOYOTA Land Cruiser,5.7,8,Auto-S6,4WD,Gasoline,U2,8TYXT05.7BEX,SUV,7.0,13.0,18.0,15.0,3.0
897,TOYOTA Matrix,1.8,4,Auto-L4,2WD,Gasoline,U2,8TYXV01.8BEA,station wagon,7.0,25.0,31.0,27.0,8.0
898,TOYOTA Matrix,1.8,4,Man-5,2WD,Gasoline,U2,8TYXV01.8BEA,station wagon,7.0,26.0,33.0,29.0,8.0
899,TOYOTA Prius,1.5,4,Auto-AV,2WD,Gasoline,S2,8TYXV01.5HC3,midsize car,9.5,48.0,45.0,46.0,10.0
900,TOYOTA RAV4,2.4,4,Auto-L4,2WD,Gasoline,U2,8TYXT02.4BEH,SUV,7.0,21.0,27.0,24.0,7.0
901,TOYOTA RAV4,2.4,4,Auto-L4,4WD,Gasoline,U2,8TYXT02.4BEM,SUV,7.0,20.0,25.0,22.0,6.0
902,TOYOTA RAV4,3.5,6,Auto-L5,2WD,Gasoline,U2,8TYXT03.5BEM,SUV,7.0,19.0,27.0,22.0,6.0
903,TOYOTA RAV4,3.5,6,Auto-L5,4WD,Gasoline,U2,8TYXT03.5BEM,SUV,7.0,19.0,26.0,21.0,6.0
904,TOYOTA Scion TC,2.4,4,Man-5,2WD,Gasoline,U2,8TYXV02.4BEB,small car,7.0,20.0,27.0,23.0,7.0
905,TOYOTA Scion TC,2.4,4,Auto-L4,2WD,Gasoline,U2,8TYXV02.4BEB,small car,7.0,21.0,29.0,24.0,7.0
906,TOYOTA Scion XB,2.4,4,Auto-S4,2WD,Gasoline,U2,8TYXV02.4BEB,station wagon,7.0,22.0,28.0,24.0,7.0
907,TOYOTA Scion XB,2.4,4,Man-5,2WD,Gasoline,U2,8TYXV02.4BEB,station wagon,7.0,22.0,28.0,24.0,7.0
908,TOYOTA Scion XD,1.8,4,Auto-L4,2WD,Gasoline,L2,8TYXV01.8AJA,small car,6.0,26.0,32.0,28.0,8.0
909,TOYOTA Scion XD,1.8,4,Man-5,2WD,Gasoline,L2,8TYXV01.8AJA,small car,6.0,27.0,33.0,29.0,8.0
910,TOYOTA Sequoia,4.7,8,Auto-S5,2WD,Gasoline,U2,8TYXT04.7BGX,SUV,7.0,14.0,17.0,15.0,3.0
911,TOYOTA Sequoia,4.7,8,Auto-S5,4WD,Gasoline,U2,8TYXT04.7BGX,SUV,7.0,13.0,16.0,14.0,2.0
912,TOYOTA Sequoia,5.7,8,Auto-S6,2WD,Gasoline,U2,8TYXT05.7BEX,SUV,7.0,14.0,19.0,15.0,3.0
913,TOYOTA Sequoia,5.7,8,Auto-S6,4WD,Gasoline,U2,8TYXT05.7BEX,SUV,7.0,13.0,18.0,15.0,3.0
914,TOYOTA Sienna,3.5,6,Auto-L5,2WD,Gasoline,U2,8TYXT03.5BEM,minivan,7.0,17.0,23.0,19.0,5.0
915,TOYOTA Sienna,3.5,6,Auto-L5,4WD,Gasoline,U2,8TYXT03.5BEM,minivan,7.0,16.0,21.0,18.0,5.0
916,TOYOTA Solara,2.4,4,Man-5,2WD,Gasoline,U2,8TYXV02.4BEA,small car,7.0,21.0,31.0,25.0,7.0
917,TOYOTA Solara,2.4,4,Auto-S5,2WD,Gasoline,U2,8TYXV02.4BEA,small car,7.0,22.0,31.0,25.0,7.0
918,TOYOTA Solara,3.3,6,Auto-S5,2WD,Gasoline,U2,8TYXV03.3BEA,small car,7.0,18.0,27.0,21.0,6.0
919,TOYOTA Solara Convertible,3.3,6,Auto-S5,2WD,Gasoline,U2,8TYXV03.3BEA,small car,7.0,18.0,26.0,21.0,6.0
920,TOYOTA Tacoma,2.7,4,Auto-L4,2WD,Gasoline,L2,8TYXT02.7AEH,pickup,6.0,19.0,25.0,21.0,6.0
921,TOYOTA Tacoma,2.7,4,Man-5,2WD,Gasoline,L2,8TYXT02.7AEH,pickup,6.0,20.0,25.0,22.0,6.0
922,TOYOTA Tacoma,2.7,4,Auto-L4,2WD,Gasoline,L2,8TYXT02.7AEM,pickup,6.0,19.0,25.0,21.0,6.0
923,TOYOTA Tacoma,2.7,4,Man-5,2WD,Gasoline,L2,8TYXT02.7AEM,pickup,6.0,20.0,25.0,22.0,6.0
924,TOYOTA Tacoma,2.7,4,Man-5,4WD,Gasoline,L2,8TYXT02.7AEM,pickup,6.0,17.0,22.0,19.0,5.0
925,TOYOTA Tacoma,4.0,6,Man-6,2WD,Gasoline,L2,8TYXT04.0AEM,pickup,6.0,15.0,19.0,17.0,4.0
926,TOYOTA Tacoma,4.0,6,Auto-L5,2WD,Gasoline,L2,8TYXT04.0AEM,pickup,6.0,16.0,20.0,18.0,5.0
927,TOYOTA Tacoma,4.0,6,Man-6,4WD,Gasoline,L2,8TYXT04.0AEM,pickup,6.0,15.0,18.0,16.0,4.0
928,TOYOTA Tacoma,4.0,6,Auto-L5,4WD,Gasoline,L2,8TYXT04.0AEM,pickup,6.0,16.0,20.0,18.0,5.0
929,TOYOTA Tundra,4.7,8,Auto-S5,2WD,Gasoline,U2,8TYXT04.7BGX,pickup,7.0,14.0,17.0,15.0,3.0
930,TOYOTA Tundra,4.7,8,Auto-S5,4WD,Gasoline,U2,8TYXT04.7BGX,pickup,7.0,13.0,16.0,15.0,3.0
931,TOYOTA Tundra,5.7,8,Auto-S6,2WD,Gasoline,U2,8TYXT05.7BEX,pickup,7.0,14.0,18.0,16.0,4.0
932,TOYOTA Tundra,5.7,8,Auto-S6,4WD,Gasoline,U2,8TYXT05.7BEX,pickup,7.0,13.0,17.0,14.0,2.0
933,TOYOTA Tundra,4.0,6,Auto-S5,2WD,Gasoline,L2,8TYXT04.0AES,pickup,6.0,15.0,19.0,17.0,4.0
934,TOYOTA Yaris,1.5,4,Auto-L4,2WD,Gasoline,U2,8TYXV01.5BEA,small car,7.0,29.0,35.0,31.0,9.0
935,TOYOTA Yaris,1.5,4,Man-5,2WD,Gasoline,U2,8TYXV01.5BEA,small car,7.0,29.0,36.0,32.0,9.0
936,VOLKSWAGEN Eos,2.0,4,Man-6,2WD,Gasoline,U2,8ADXV02.0366,small car,7.0,21.0,29.0,24.0,7.0
937,VOLKSWAGEN Eos,2.0,4,Auto-S6,2WD,Gasoline,U2,8ADXV02.0366,small car,7.0,21.0,30.0,24.0,7.0
938,VOLKSWAGEN Eos,3.2,6,Auto-S6,2WD,Gasoline,L2,8VWXV03.2535,small car,6.0,19.0,26.0,22.0,6.0
939,VOLKSWAGEN GTI,2.0,4,Man-6,2WD,Gasoline,U2,8ADXV02.0366,small car,7.0,21.0,29.0,24.0,7.0
940,VOLKSWAGEN GTI,2.0,4,Auto-S6,2WD,Gasoline,U2,8ADXV02.0366,small car,7.0,22.0,29.0,25.0,7.0
941,VOLKSWAGEN Jetta,2.5,5,Man-5,2WD,Gasoline,S2,8VWXV02.5257,small car,9.5,21.0,29.0,24.0,7.0
942,VOLKSWAGEN Jetta,2.5,5,Auto-S6,2WD,Gasoline,S2,8VWXV02.5257,small car,9.5,21.0,29.0,24.0,7.0
943,VOLKSWAGEN Jetta,2.0,4,Man-6,2WD,Gasoline,U2,8ADXV02.0366,small car,7.0,21.0,29.0,24.0,7.0
944,VOLKSWAGEN Jetta,2.0,4,Auto-S6,2WD,Gasoline,U2,8ADXV02.0366,small car,7.0,22.0,29.0,25.0,7.0
945,VOLKSWAGEN Jetta,2.5,5,Man-5,2WD,Gasoline,U2,8VWXV02.5253,small car,7.0,21.0,29.0,24.0,7.0
946,VOLKSWAGEN Jetta,2.5,5,Auto-S6,2WD,Gasoline,U2,8VWXV02.5253,small car,7.0,21.0,29.0,24.0,7.0
947,VOLKSWAGEN Jetta Wagon,2.5,5,Man-5,2WD,Gasoline,S2,8VWXV02.5257,station wagon,9.5,21.0,29.0,24.0,7.0
948,VOLKSWAGEN Jetta Wagon,2.5,5,Auto-S6,2WD,Gasoline,S2,8VWXV02.5257,station wagon,9.5,21.0,29.0,24.0,7.0
949,VOLKSWAGEN Jetta Wagon,2.5,5,Man-5,2WD,Gasoline,U2,8VWXV02.5253,station wagon,7.0,21.0,29.0,24.0,7.0
950,VOLKSWAGEN Jetta Wagon,2.5,5,Auto-S6,2WD,Gasoline,U2,8VWXV02.5253,station wagon,7.0,21.0,29.0,24.0,7.0
951,VOLKSWAGEN New Beetle,2.5,5,Man-5,2WD,Gasoline,S2,8VWXV02.5257,small car,9.5,20.0,28.0,23.0,7.0
952,VOLKSWAGEN New Beetle,2.5,5,Auto-S6,2WD,Gasoline,S2,8VWXV02.5257,small car,9.5,20.0,29.0,23.0,7.0
953,VOLKSWAGEN New Beetle,2.5,5,Man-5,2WD,Gasoline,U2,8VWXV02.5253,small car,7.0,20.0,28.0,23.0,7.0
954,VOLKSWAGEN New Beetle,2.5,5,Auto-S6,2WD,Gasoline,U2,8VWXV02.5253,small car,7.0,20.0,29.0,23.0,7.0
955,VOLKSWAGEN New Beetle Convertible,2.5,5,Auto-S6,2WD,Gasoline,S2,8VWXV02.5257,small car,9.5,20.0,28.0,23.0,7.0
956,VOLKSWAGEN New Beetle Convertible,2.5,5,Man-5,2WD,Gasoline,S2,8VWXV02.5257,small car,9.5,20.0,28.0,23.0,7.0
957,VOLKSWAGEN New Beetle Convertible,2.5,5,Auto-S6,2WD,Gasoline,U2,8VWXV02.5253,small car,7.0,20.0,28.0,23.0,7.0
958,VOLKSWAGEN New Beetle Convertible,2.5,5,Man-5,2WD,Gasoline,U2,8VWXV02.5253,small car,7.0,20.0,28.0,23.0,7.0
959,VOLKSWAGEN Passat,2.0,4,Auto-S6,2WD,Gasoline,U2,8ADXV02.0366,midsize car,7.0,19.0,28.0,22.0,6.0
960,VOLKSWAGEN Passat,2.0,4,Man-6,2WD,Gasoline,U2,8ADXV02.0366,midsize car,7.0,21.0,29.0,24.0,7.0
961,VOLKSWAGEN Passat,3.6,6,Auto-S6,4WD,Gasoline,L2,8VWXV03.6246,midsize car,6.0,16.0,24.0,19.0,5.0
962,VOLKSWAGEN Passat,3.6,6,Auto-S6,2WD,Gasoline,L2,8VWXV03.6246,midsize car,6.0,17.0,26.0,20.0,6.0
963,VOLKSWAGEN Passat Wagon,2.0,4,Auto-S6,2WD,Gasoline,U2,8ADXV02.0366,station wagon,7.0,20.0,28.0,23.0,7.0
964,VOLKSWAGEN Passat Wagon,2.0,4,Man-6,2WD,Gasoline,U2,8ADXV02.0366,station wagon,7.0,21.0,29.0,24.0,7.0
965,VOLKSWAGEN Passat Wagon,3.6,6,Auto-S6,4WD,Gasoline,L2,8VWXV03.6246,station wagon,6.0,16.0,24.0,19.0,5.0
966,VOLKSWAGEN R32,3.2,6,Auto-S6,4WD,Gasoline,L2,8VWXV03.2535,small car,6.0,18.0,23.0,20.0,6.0
967,VOLKSWAGEN Rabbit,2.5,5,Auto-S6,2WD,Gasoline,S2,8VWXV02.5257,small car,9.5,21.0,29.0,24.0,7.0
968,VOLKSWAGEN Rabbit,2.5,5,Man-5,2WD,Gasoline,S2,8VWXV02.5257,small car,9.5,22.0,29.0,24.0,7.0
969,VOLKSWAGEN Rabbit,2.5,5,Auto-S6,2WD,Gasoline,U2,8VWXV02.5253,small car,7.0,21.0,29.0,24.0,7.0
970,VOLKSWAGEN Rabbit,2.5,5,Man-5,2WD,Gasoline,U2,8VWXV02.5253,small car,7.0,22.0,29.0,24.0,7.0
971,VOLKSWAGEN Touareg,3.6,6,Auto-S6,4WD,Gasoline,L2,8VWXT03.6276,SUV,6.0,14.0,20.0,16.0,4.0
972,VOLKSWAGEN Touareg,4.2,8,Auto-S6,4WD,Gasoline,L2,8ADXT04.2358,SUV,6.0,12.0,17.0,14.0,2.0
973,VOLVO C30,2.4,5,Auto-S5,2WD,Gasoline,U2,8VVXV02.4U2N,small car,7.0,20.0,28.0,23.0,7.0
974,VOLVO C30,2.4,5,Man-5,2WD,Gasoline,U2,8VVXV02.4U2N,small car,7.0,20.0,28.0,23.0,7.0
975,VOLVO C30,2.5,5,Auto-S5,2WD,Gasoline,U2,8VVXV02.5U2T,small car,7.0,19.0,27.0,22.0,6.0
976,VOLVO C30,2.5,5,Man-6,2WD,Gasoline,U2,8VVXV02.5U2T,small car,7.0,19.0,28.0,23.0,7.0
977,VOLVO C70 Convertible,2.5,5,Auto-S5,2WD,Gasoline,U2,8VVXV02.5U2T,small car,7.0,18.0,26.0,21.0,6.0
978,VOLVO C70 Convertible,2.5,5,Man-6,2WD,Gasoline,U2,8VVXV02.5U2T,small car,7.0,18.0,27.0,21.0,6.0
979,VOLVO S40,2.4,5,Auto-S5,2WD,Gasoline,S2,8VVXV02.4S2N,small car,9.5,20.0,28.0,23.0,7.0
980,VOLVO S40,2.4,5,Auto-S5,2WD,Gasoline,U2,8VVXV02.4U2N,small car,7.0,20.0,28.0,23.0,7.0
981,VOLVO S40,2.4,5,Man-5,2WD,Gasoline,U2,8VVXV02.4U2N,small car,7.0,20.0,28.0,23.0,7.0
982,VOLVO S40,2.5,5,Man-6,4WD,Gasoline,U2,8VVXV02.5U2T,small car,7.0,17.0,25.0,20.0,6.0
983,VOLVO S40,2.5,5,Auto-S5,4WD,Gasoline,U2,8VVXV02.5U2T,small car,7.0,18.0,26.0,21.0,6.0
984,VOLVO S40,2.5,5,Auto-S5,2WD,Gasoline,U2,8VVXV02.5U2T,small car,7.0,19.0,27.0,22.0,6.0
985,VOLVO S40,2.5,5,Man-6,2WD,Gasoline,U2,8VVXV02.5U2T,small car,7.0,19.0,28.0,23.0,7.0
986,VOLVO S60,2.5,5,Auto-L5,4WD,Gasoline,U2,8VVXV02.5U2T,small car,7.0,17.0,26.0,21.0,6.0
987,VOLVO S60,2.5,5,Auto-S5,4WD,Gasoline,U2,8VVXV02.5U2T,small car,7.0,18.0,26.0,21.0,6.0
988,VOLVO S60,2.5,5,Auto-L5,2WD,Gasoline,U2,8VVXV02.5U2T,small car,7.0,19.0,27.0,22.0,6.0
989,VOLVO S60,2.5,5,Auto-S5,2WD,Gasoline,U2,8VVXV02.5U2T,small car,7.0,19.0,27.0,22.0,6.0
990,VOLVO S60,2.4,5,Auto-S5,2WD,Gasoline,L2,8VVXV02.4L2T,small car,6.0,18.0,26.0,21.0,6.0
991,VOLVO S60,2.4,5,Man-6,2WD,Gasoline,L2,8VVXV02.4L2T,small car,6.0,18.0,26.0,21.0,6.0
992,VOLVO S80,3.0,6,Auto-S6,4WD,Gasoline,U2,8VVXV03.0U2T,midsize car,7.0,15.0,23.0,18.0,5.0
993,VOLVO S80,3.2,6,Auto-S6,2WD,Gasoline,U2,8VVXB03.2U2N,midsize car,7.0,16.0,24.0,19.0,5.0
994,VOLVO S80,3.2,6,Auto-S6,4WD,Gasoline,U2,8VVXB03.2U2N,midsize car,7.0,16.0,24.0,19.0,5.0
995,VOLVO S80,4.4,8,Auto-S6,4WD,Gasoline,U2,8VVXB04.4U2N,midsize car,7.0,15.0,23.0,18.0,5.0
996,VOLVO V50,2.4,5,Auto-S5,2WD,Gasoline,S2,8VVXV02.4S2N,station wagon,9.5,20.0,28.0,23.0,7.0
997,VOLVO V50,2.4,5,Auto-S5,2WD,Gasoline,U2,8VVXV02.4U2N,station wagon,7.0,20.0,28.0,23.0,7.0
998,VOLVO V50,2.4,5,Man-5,2WD,Gasoline,U2,8VVXV02.4U2N,station wagon,7.0,20.0,28.0,23.0,7.0
999,VOLVO V50,2.5,5,Man-6,4WD,Gasoline,U2,8VVXV02.5U2T,station wagon,7.0,17.0,25.0,20.0,6.0
1000,VOLVO V50,2.5,5,Auto-S5,4WD,Gasoline,U2,8VVXV02.5U2T,station wagon,7.0,18.0,26.0,21.0,6.0
1001,VOLVO V50,2.5,5,Auto-S5,2WD,Gasoline,U2,8VVXV02.5U2T,station wagon,7.0,19.0,27.0,22.0,6.0
1002,VOLVO V50,2.5,5,Man-6,2WD,Gasoline,U2,8VVXV02.5U2T,station wagon,7.0,19.0,28.0,23.0,7.0
1003,VOLVO V70,3.2,6,Auto-S6,2WD,Gasoline,U2,8VVXB03.2U2N,station wagon,7.0,16.0,24.0,19.0,5.0
1004,VOLVO XC 70,3.2,6,Auto-S6,4WD,Gasoline,U2,8VVXB03.2U2N,SUV,7.0,15.0,22.0,17.0,4.0
1005,VOLVO XC 90,3.2,6,Auto-S6,2WD,Gasoline,U2,8VVXB03.2U2N,SUV,7.0,14.0,20.0,16.0,4.0
1006,VOLVO XC 90,3.2,6,Auto-S6,4WD,Gasoline,U2,8VVXB03.2U2N,SUV,7.0,14.0,20.0,16.0,4.0
1007,VOLVO XC 90,4.4,8,Auto-S6,4WD,Gasoline,U2,8VVXB04.4U2N,SUV,7.0,13.0,19.0,15.0,3.0
1008,MERCEDES-BENZ C300,3.0,6,Auto-L7,2WD,ethanol,L2,8MBXV03.0U2A,small car,6.0,13.0,19.0,15.0,7.0
1009,MERCEDES-BENZ C300,3.0,6,Auto-L7,2WD,Gasoline,L2,8MBXV03.0U2A,small car,4.0,18.0,25.0,21.0,6.0
